{"chunk_definitions":[{"row":13,"row_count":1,"visible":true,"expansion_state":0,"options":{"engine":"r","label":"setup","include":false},"document_id":"720D1F77","chunk_id":"csetup_chunk","chunk_label":"setup"},{"row":17,"row_count":1,"visible":true,"expansion_state":0,"options":{"engine":"r","label":"unnamed-chunk-45"},"document_id":"720D1F77","chunk_id":"cvn1dke67ud5x","chunk_label":"unnamed-chunk-1"},{"row":26,"row_count":1,"visible":true,"expansion_state":0,"options":{"engine":"r","label":"unnamed-chunk-46"},"document_id":"720D1F77","chunk_id":"cu34yl5mlvzs0","chunk_label":"unnamed-chunk-2"},{"row":38,"row_count":1,"visible":true,"expansion_state":0,"options":{"engine":"r","label":"unnamed-chunk-47"},"document_id":"720D1F77","chunk_id":"cx0zfuv3slo5o","chunk_label":"unnamed-chunk-3"},{"row":49,"row_count":1,"visible":true,"expansion_state":0,"options":{"engine":"r","label":"unnamed-chunk-48"},"document_id":"720D1F77","chunk_id":"c24n2i96se96l","chunk_label":"unnamed-chunk-4"},{"row":53,"row_count":1,"visible":true,"expansion_state":0,"options":{"engine":"r","label":"unnamed-chunk-49"},"document_id":"720D1F77","chunk_id":"cgos4dfzzr388","chunk_label":"unnamed-chunk-5"},{"row":59,"row_count":1,"visible":true,"expansion_state":0,"options":{"engine":"r","label":"unnamed-chunk-50"},"document_id":"720D1F77","chunk_id":"cm3sy99j5nd1z","chunk_label":"unnamed-chunk-6"},{"row":71,"row_count":1,"visible":true,"expansion_state":0,"options":{"engine":"r","label":"unnamed-chunk-51"},"document_id":"720D1F77","chunk_id":"cfvyo5ez82f4b","chunk_label":"unnamed-chunk-7"},{"row":81,"row_count":1,"visible":true,"expansion_state":0,"options":{"engine":"r","label":"unnamed-chunk-52"},"document_id":"720D1F77","chunk_id":"cujwfeoykaagm","chunk_label":"unnamed-chunk-8"},{"row":93,"row_count":1,"visible":true,"expansion_state":0,"options":{"engine":"r","label":"unnamed-chunk-53"},"document_id":"720D1F77","chunk_id":"c3m8vgs49b9cb","chunk_label":"unnamed-chunk-9"},{"row":115,"row_count":1,"visible":true,"expansion_state":0,"options":{"engine":"r","label":"unnamed-chunk-54"},"document_id":"720D1F77","chunk_id":"c99zdnrh52bho","chunk_label":"unnamed-chunk-10"},{"row":126,"row_count":1,"visible":true,"expansion_state":0,"options":{"engine":"r","label":"unnamed-chunk-55"},"document_id":"720D1F77","chunk_id":"cdefl3hv4ridf","chunk_label":"unnamed-chunk-11"},{"row":130,"row_count":1,"visible":true,"expansion_state":0,"options":{"engine":"r","label":"unnamed-chunk-56"},"document_id":"720D1F77","chunk_id":"co8rqwuil37px","chunk_label":"unnamed-chunk-12"},{"row":136,"row_count":1,"visible":true,"expansion_state":0,"options":{"engine":"r","label":"unnamed-chunk-57"},"document_id":"720D1F77","chunk_id":"c23degvfz993m","chunk_label":"unnamed-chunk-13"},{"row":146,"row_count":1,"visible":true,"expansion_state":0,"options":{"engine":"r","label":"unnamed-chunk-58"},"document_id":"720D1F77","chunk_id":"cjnmhpl7aahhu","chunk_label":"unnamed-chunk-14"},{"row":156,"row_count":1,"visible":true,"expansion_state":0,"options":{"engine":"r","label":"unnamed-chunk-59"},"document_id":"720D1F77","chunk_id":"cd8eo425ny6cy","chunk_label":"unnamed-chunk-15"},{"row":168,"row_count":1,"visible":true,"expansion_state":0,"options":{"engine":"r","label":"unnamed-chunk-60"},"document_id":"720D1F77","chunk_id":"c1wcm7ful7aho","chunk_label":"unnamed-chunk-16"},{"row":180,"row_count":1,"visible":true,"expansion_state":0,"options":{"engine":"r","label":"unnamed-chunk-61"},"document_id":"720D1F77","chunk_id":"cweicx8g26s0i","chunk_label":"unnamed-chunk-17"},{"row":186,"row_count":1,"visible":true,"expansion_state":0,"options":{"engine":"r","label":"unnamed-chunk-62"},"document_id":"720D1F77","chunk_id":"cwg08bwe1ex5u","chunk_label":"unnamed-chunk-18"},{"row":199,"row_count":1,"visible":true,"expansion_state":0,"options":{},"document_id":"720D1F77","chunk_id":"cbdl7wwq7o285","chunk_label":"unnamed-chunk-19"}],"doc_write_time":1691078658,"chunk_rendered_width":700,"working_dir":"G:/Master's/s3 dissertation/data analysis","default_chunk_options":{"echo":true}}