Submission id,Participant id,Status,Started at,Completed at,Reviewed at,Archived at,Time taken,Completion code,Total approvals,Fluent languages,Age,Sex,Ethnicity simplified,Country of birth,Country of residence,Nationality,Language,Student status,Employment status
64ca5a451bfb548634ec6437,5f0bfdd1f08fe65257526a1c,AWAITING REVIEW,2023-08-02T13:29:58.269000Z,2023-08-02T13:34:31.736000Z,,2023-08-02T13:34:32.265202Z,274,CFJ61FS5,55,English,37,Female,White,South Africa,South Africa,South Africa,English,No,Full-Time
64ca5a48a13c385a0229e61d,605cfe0825d0e0494ad7dc58,AWAITING REVIEW,2023-08-02T13:29:44.110000Z,2023-08-02T13:32:30.313000Z,,2023-08-02T13:32:31.035401Z,167,CFJ61FS5,230,"English, French, Galician, Portuguese",22,Male,White,Portugal,Portugal,Portugal,Portuguese,Yes,Unemployed (and job seeking)
64ca5a495e81dc66ee8daee6,6140c9e63a9b980bc934f453,AWAITING REVIEW,2023-08-02T13:29:49.749000Z,2023-08-02T13:33:06.143000Z,,2023-08-02T13:33:06.737680Z,197,CFJ61FS5,80,"English, Portuguese, Spanish",24,Male,White,Portugal,Portugal,Portugal,Portuguese,No,Full-Time
64ca5a4b72520087e46c031e,614e843c2bb21b4527d39d0d,AWAITING REVIEW,2023-08-02T13:30:00.850000Z,2023-08-02T13:34:05.977000Z,,2023-08-02T13:34:06.439490Z,246,CFJ61FS5,165,"English, Spanish",37,Male,Other,Mexico,Mexico,Mexico,Spanish,No,Full-Time
64ca5a50151c70ad0de5f8f5,61477bd4355f82a8edc7dec0,AWAITING REVIEW,2023-08-02T13:29:57.447000Z,2023-08-02T13:33:58.137000Z,,2023-08-02T13:33:59.964624Z,241,CFJ61FS5,103,English,43,Female,White,United Kingdom,United Kingdom,United Kingdom,English,DATA_EXPIRED,DATA_EXPIRED
64ca5a5fec5bd78539cc91cb,5ce91c637d2bca00171a6ea1,AWAITING REVIEW,2023-08-02T13:30:27.090000Z,2023-08-02T13:33:53.507000Z,,2023-08-02T13:33:53.998854Z,207,CFJ61FS5,362,"English, Portuguese",27,Female,White,Portugal,Portugal,Portugal,Portuguese,No,Full-Time
64ca5a62ebb477a6fc5f4ccd,60fd5289743d08eb44f96718,AWAITING REVIEW,2023-08-02T13:30:39.892000Z,2023-08-02T13:37:04.083000Z,,2023-08-02T13:37:04.571361Z,385,CFJ61FS5,54,"English, Other",26,Male,Black,South Africa,South Africa,South Africa,English,No,Full-Time
64ca5a637cd202f61c8f2b0b,604f9ab902a30d5283ae7caf,AWAITING REVIEW,2023-08-02T13:30:11.440000Z,2023-08-02T13:33:52.209000Z,,2023-08-02T13:33:52.743784Z,221,CFJ61FS5,154,"English, Portuguese",21,Female,White,Portugal,Portugal,Portugal,Portuguese,Yes,Other
64ca5a6455c0cedbda618e6e,5e834184d276ef05fdcd944f,AWAITING REVIEW,2023-08-02T13:30:18.402000Z,2023-08-02T13:36:09.543000Z,,2023-08-02T13:36:11.595881Z,352,CFJ61FS5,189,"Italian, English",25,Female,White,Italy,Italy,Italy,Italian,No,Unemployed (and job seeking)
64ca5cf1eac6b9e58c21e87b,616555e4c8cf10a0134e5fed,AWAITING REVIEW,2023-08-02T13:41:11.676000Z,2023-08-02T13:43:42.916000Z,,2023-08-02T13:44:48.140710Z,152,CFJ61FS5,185,English,30,Female,Black,Zimbabwe,South Africa,Zimbabwe,English,No,Full-Time
