Submission id,Participant id,Status,Started at,Completed at,Reviewed at,Archived at,Time taken,Completion code,Total approvals,Fluent languages,Age,Sex,Ethnicity simplified,Country of birth,Country of residence,Nationality,Language,Student status,Employment status
64ca67033548a867ed5e1cec,5e8241ef534c91943820e8f8,APPROVED,2023-08-02T14:24:12.637000Z,2023-08-02T14:27:34.644000Z,2023-08-02T14:33:02.126000,2023-08-02T14:27:35.207860Z,203,C6KNJA5F,349,"English, French, Italian",27,Female,White,Italy,Italy,Italy,Italian,Yes,Unemployed (and job seeking)
64ca67086a8d2fa4631475b6,5b7d020d4ba9cd0001e6a731,APPROVED,2023-08-02T14:26:04.757000Z,2023-08-02T14:29:19.616000Z,2023-08-02T14:31:49.057000,2023-08-02T14:29:20.108851Z,195,C6KNJA5F,590,English,32,Female,White,Estonia,Estonia,Estonia,Estonian,No,"Not in paid work (e.g. homemaker', 'retired or disabled)"
64ca67112f863b2194f33059,64956fdcd379e88946ec3ab1,APPROVED,2023-08-02T14:24:30.064000Z,2023-08-02T14:28:05.656000Z,2023-08-02T14:35:13.392000,2023-08-02T14:28:17.945493Z,216,C6KNJA5F,10,"Afrikaans, English",22,Male,Other,South Africa,South Africa,South Africa,English,Yes,DATA_EXPIRED
64ca671a652a581362fccfc0,6114242b9bb244326ceb185f,APPROVED,2023-08-02T14:24:26.039000Z,2023-08-02T14:28:00.192000Z,2023-08-02T14:35:54.358000,2023-08-02T14:28:26.080656Z,215,C6KNJA5F,202,"Italian, English",23,Prefer not to say,White,Italy,Italy,Italy,Italian,Yes,Other
64ca6721e600874603fa2e01,5f4595ac82d8061b45c2c490,APPROVED,2023-08-02T14:24:36.235000Z,2023-08-02T14:26:55.226000Z,2023-08-02T14:33:51.095000,2023-08-02T14:27:10.450417Z,139,C6KNJA5F,430,"Portuguese, English, Spanish",29,Male,White,Portugal,Portugal,Portugal,Portuguese,Yes,Full-Time
64ca6733c45d58828f29e613,612e9805ed67abf6d38299e1,APPROVED,2023-08-02T14:24:51.765000Z,2023-08-02T14:28:08.326000Z,2023-08-02T14:34:33.733000,2023-08-02T14:28:22.309571Z,197,C6KNJA5F,77,English,21,Male,Other,South Africa,South Africa,South Africa,English,Yes,Full-Time
64ca673bbe66f46b49080ef3,60e77dad836c99bc590704ba,APPROVED,2023-08-02T14:24:59.238000Z,2023-08-02T14:30:18.991000Z,2023-08-02T14:40:18.245000,2023-08-02T14:30:20.624714Z,320,C6KNJA5F,102,English,25,Female,Black,South Africa,South Africa,South Africa,English,No,Unemployed (and job seeking)
64ca67453235a445435550a5,5c60e5371115b4000140fb07,APPROVED,2023-08-02T14:25:09.213000Z,2023-08-02T14:28:49.274000Z,2023-08-02T14:32:21.015000,2023-08-02T14:28:49.828949Z,221,C6KNJA5F,635,"English, Spanish",47,Male,White,Canada,Mexico,Canada,English,No,Full-Time
64ca6828c45d58828f29e64d,6041fb6a61119008783f2fef,APPROVED,2023-08-02T14:28:56.925000Z,2023-08-02T14:31:33.795000Z,2023-08-02T14:39:13.038000,2023-08-02T14:31:34.626965Z,157,C6KNJA5F,213,"English, Polish, German",21,Male,White,Poland,Poland,Poland,Polish,Yes,Unemployed (and job seeking)
64ca682ab38bbb1066d6a46e,61260e2741183100f61d0382,APPROVED,2023-08-02T14:28:58.914000Z,2023-08-02T14:32:28.203000Z,2023-08-02T14:40:19.791000,2023-08-02T14:32:28.856703Z,210,C6KNJA5F,352,"Portuguese, English",23,Female,White,Portugal,Portugal,Portugal,Portuguese,No,Other
64ca682bcb26b63c8c788a9e,5f02f29a4532c8191dd75812,APPROVED,2023-08-02T14:29:18.822000Z,2023-08-02T14:36:45.411000Z,2023-08-02T14:39:47.455000,2023-08-02T14:36:46.098237Z,447,C6KNJA5F,162,"French, Italian, English, Spanish",23,Female,White,Italy,Italy,Italy,Italian,Yes,Other
64ca682ec68990a5ad67ff5d,60feb47fe649c047dc5b75a5,APPROVED,2023-08-02T14:29:06.662000Z,2023-08-02T14:31:36.594000Z,2023-08-02T14:37:27.815000,2023-08-02T14:31:37.323142Z,150,C6KNJA5F,388,"Dutch, English, French",24,Male,White,Belgium,Belgium,Belgium,Dutch,Yes,Full-Time
64ca682f769791129a04fcbd,5fb727be4e110a232ae755b7,APPROVED,2023-08-02T14:29:03.102000Z,2023-08-02T14:44:27.275000Z,2023-08-02T14:45:26.369000,2023-08-02T14:44:28.170136Z,925,C6KNJA5F,256,"Portuguese, English",21,Male,White,Portugal,Portugal,Portugal,Portuguese,DATA_EXPIRED,DATA_EXPIRED
64ca68305789040ab53d244f,5c35dd34be3cea000117948f,APPROVED,2023-08-02T14:29:04.312000Z,2023-08-02T14:31:34.450000Z,2023-08-02T14:40:21.565000,2023-08-02T14:31:35.111350Z,151,C6KNJA5F,586,"Dutch, English, French, German",22,Male,White,Belgium,Belgium,Belgium,Dutch,No,Due to start a new job within the next month
64ca683169c468dacaa76443,613b7ff0e625773956bbe116,APPROVED,2023-08-02T14:29:48.594000Z,2023-08-02T14:35:27.752000Z,2023-08-02T14:38:48.487000,2023-08-02T14:35:28.292352Z,340,C6KNJA5F,233,"English, Spanish",25,Female,Mixed,Mexico,Mexico,Mexico,Spanish,No,Full-Time
64ca6a4704ddbc8028fb6147,6310c453d91e6e0eddbe1df8,APPROVED,2023-08-02T14:38:03.604000Z,2023-08-02T14:40:22.209000Z,2023-08-02T14:55:15.981000Z,2023-08-02T14:40:23.408000Z,139,C6KNJA5F,463,English,21,Prefer not to say,White,United Kingdom,United Kingdom,United Kingdom,English,Yes,Full-Time
64ca6a490027d1375fcb2a08,64528908f63d6e6beb01b877,APPROVED,2023-08-02T14:38:38.925000Z,2023-08-02T14:42:56.175000Z,2023-08-02T14:44:03.983000,2023-08-02T14:43:01.412222Z,258,C6KNJA5F,52,"English, Spanish",29,Male,Mixed,Mexico,Mexico,Mexico,Spanish,No,Full-Time
64ca6a49daacbcefde880990,59dbbdce5de9b000017ebf19,APPROVED,2023-08-02T14:38:13.984000Z,2023-08-02T14:42:24.827000Z,2023-08-02T14:43:02.428000,2023-08-02T14:42:33.070526Z,251,C6KNJA5F,524,"English, Spanish, Portuguese",27,Male,White,Portugal,Portugal,Portugal,Portuguese,Yes,Due to start a new job within the next month
64ca6a49ff22e0965770dd8e,60dcda8692f09f402fad8566,APPROVED,2023-08-02T14:38:06.300000Z,2023-08-02T14:42:06.292000Z,2023-08-02T14:43:33.484000,2023-08-02T14:42:06.856644Z,240,C6KNJA5F,185,English,26,Male,White,Ireland,Ireland,Ireland,English,No,Full-Time
64ca6a4a41c0be55c0033af1,6123b1db379e40b4b250298a,APPROVED,2023-08-02T14:38:02.261000Z,2023-08-02T14:48:48.316000Z,2023-08-02T15:12:32.408000,2023-08-02T14:48:48.857307Z,647,C6KNJA5F,397,"Portuguese, English",35,Male,White,Portugal,Portugal,Portugal,Portuguese,No,Full-Time
64ca6be8093be587abea55a5,5f63a2bc08a0080c790f8eb6,APPROVED,2023-08-02T14:45:01.520000Z,2023-08-02T14:47:43.742000Z,2023-08-02T15:12:32.613000,2023-08-02T14:47:44.426647Z,163,C6KNJA5F,539,"English, Greek",22,Male,White,Greece,Greece,Greece,Greek,Yes,Part-Time
64ca6be94b12136b6f04fcaa,5c6ed5ea21a3560001bd3758,APPROVED,2023-08-02T14:44:57.873000Z,2023-08-02T14:49:05.225000Z,2023-08-02T15:12:32.863000,2023-08-02T14:49:09.088768Z,248,C6KNJA5F,409,"Greek, English",28,Male,White,Greece,Greece,Greece,Greek,No,Full-Time
64ca6be94bc1fd4b7fdd653c,60fb21e65840a0466aa574d3,APPROVED,2023-08-02T14:45:04.542000Z,2023-08-02T14:49:23.488000Z,2023-08-02T15:12:33.063000,2023-08-02T14:49:30.714808Z,259,C6KNJA5F,236,English,22,Female,Black,South Africa,South Africa,South Africa,English,Yes,Unemployed (and job seeking)
64ca6beb006a1d5dcc85829c,60a0dfc6f9936b0d30dfea15,REJECTED,2023-08-02T14:45:03.519000Z,2023-08-02T14:48:12.608000Z,2023-08-02T15:02:10.163000Z,2023-08-02T14:48:20.667000Z,190,C6KNJA5F,744,CONSENT_REVOKED,CONSENT_REVOKED,CONSENT_REVOKED,CONSENT_REVOKED,CONSENT_REVOKED,CONSENT_REVOKED,CONSENT_REVOKED,CONSENT_REVOKED,CONSENT_REVOKED,CONSENT_REVOKED
64ca6bec3f633b523e7cb389,5edd1cfb9a2ae09ff1250c9c,APPROVED,2023-08-02T14:45:00.119000Z,2023-08-02T14:54:36.139000Z,2023-08-02T15:12:33.224000,2023-08-02T14:54:37.134724Z,577,C6KNJA5F,322,"Italian, English",22,Male,White,Italy,Italy,Italy,Italian,Yes,Part-Time
64ca6c22df91d619d95be887,64908f4823258fdef35e337c,APPROVED,2023-08-02T14:48:24.283000Z,2023-08-02T14:51:41.889000Z,2023-08-02T15:12:33.410000,2023-08-02T14:51:42.425763Z,198,C6KNJA5F,31,"Dutch, English",23,Male,White,Netherlands,Netherlands,Netherlands,Dutch,Yes,Part-Time
64ca6c4d2f7a78e09739eb13,5d9c8a8033801b00145a6803,APPROVED,2023-08-02T14:46:42.157000Z,2023-08-02T14:49:50.043000Z,2023-08-02T15:12:33.575000,2023-08-02T14:49:52.584049Z,188,C6KNJA5F,648,English,47,Female,White,United Kingdom,United Kingdom,United Kingdom,English,DATA_EXPIRED,DATA_EXPIRED
64ca6c4d7c77544460a76434,5dafea4de40355001651fa2f,APPROVED,2023-08-02T14:47:12.752000Z,2023-08-02T14:51:16.975000Z,2023-08-02T15:12:33.742000,2023-08-02T14:51:17.528708Z,245,C6KNJA5F,1099,"English, German, Polish",29,Male,White,Poland,Poland,Poland,Polish,No,Full-Time
64ca6c4ebd2a464a0bddee5a,60fd2687081f57baddf31bbc,APPROVED,2023-08-02T14:50:05.536000Z,2023-08-02T14:55:32.394000Z,2023-08-02T15:12:33.957000,2023-08-02T14:55:33.622322Z,327,C6KNJA5F,121,English,20,Male,Black,South Africa,South Africa,South Africa,English,Yes,Unemployed (and job seeking)
64ca6c51fb45becffad6a4aa,615ad9cee8c130beb71bba30,APPROVED,2023-08-02T14:54:31.439000Z,2023-08-02T14:57:31.187000Z,2023-08-02T15:12:34.151000,2023-08-02T14:57:31.750361Z,180,C6KNJA5F,324,English,31,Male,Black,South Africa,South Africa,South Africa,English,No,Full-Time
64ca6c52b3ba0df7373cd7cb,5ebc6f18c323480b94409c78,APPROVED,2023-08-02T14:46:45.467000Z,2023-08-02T14:49:27.989000Z,2023-08-02T15:12:34.363000,2023-08-02T14:49:41.637744Z,163,C6KNJA5F,205,"English, Portuguese",30,Male,White,Portugal,Portugal,Portugal,Portuguese,No,Full-Time
64ca6f2576943ba01e9ead96,5f8b657bab7d5a137ee88807,APPROVED,2023-08-02T14:58:45.556000Z,2023-08-02T15:01:35.267000Z,2023-08-02T15:12:34.539000,2023-08-02T15:01:36.086665Z,170,C6KNJA5F,280,"English, Polish",21,Male,White,Poland,Poland,Poland,Polish,No,Full-Time
64ca6f2696d61636174a4d65,613a972033d79df11a6570de,APPROVED,2023-08-02T14:59:01.980000Z,2023-08-02T15:04:58.835000Z,2023-08-02T15:12:34.755000,2023-08-02T15:05:18.270607Z,357,C6KNJA5F,734,"English, Spanish",36,Female,Mixed,Mexico,Mexico,Mexico,Spanish,No,Unemployed (and job seeking)
64ca6f270754e0a024dc132f,60ca1c436511b9fc8ab35615,APPROVED,2023-08-02T15:00:20.876000Z,2023-08-02T15:04:12.269000Z,2023-08-02T15:12:34.980000,2023-08-02T15:04:13.682477Z,232,C6KNJA5F,863,"English, German, Greek, French",26,Male,White,Greece,Greece,Greece,Greek,Yes,Full-Time
64ca6f27252fee0b1a1a01a0,60bbf9e1cfcce5b0382bf9b1,APPROVED,2023-08-02T14:58:56.934000Z,2023-08-02T15:01:16.535000Z,2023-08-02T15:12:35.167000,2023-08-02T15:01:18.870949Z,140,C6KNJA5F,143,English,31,Male,Black,South Africa,South Africa,South Africa,English,No,Full-Time
64ca6ff686e1eb0426c35313,5f325435f0fc671a7434cabe,APPROVED,2023-08-02T15:02:19.846000Z,2023-08-02T15:04:58.409000Z,2023-08-02T15:12:35.353000,2023-08-02T15:05:22.398450Z,159,C6KNJA5F,420,English,27,Male,White,Hungary,Hungary,Hungary,Hungarian,No,Full-Time
64ca725f4df0b290ff29e619,612687a5a3c9d923c4050e47,APPROVED,2023-08-02T15:13:22.531000Z,2023-08-02T15:15:54.283000Z,2023-08-02T15:18:00.356000,2023-08-02T15:15:55.041451Z,152,C6KNJA5F,449,"Portuguese, English",28,Male,White,Portugal,Portugal,Portugal,Portuguese,No,Full-Time
64ca725f57782a27a61d3ea7,613fa3f65984b16169ccb151,APPROVED,2023-08-02T15:12:38.927000Z,2023-08-02T15:14:11.731000Z,2023-08-02T15:15:32.199000,2023-08-02T15:14:12.391462Z,93,C6KNJA5F,343,"English, French",25,Male,White,United Kingdom,United Kingdom,United Kingdom,English,Yes,Due to start a new job within the next month
64ca725f9fced85b3e6ac55b,5ffab69a57132749844b8020,APPROVED,2023-08-02T15:12:45.338000Z,2023-08-02T15:15:30.866000Z,2023-08-02T15:18:00.500000,2023-08-02T15:15:32.265023Z,166,C6KNJA5F,175,"English, Spanish",22,Female,White,Mexico,Mexico,Mexico,Spanish,Yes,Part-Time
64ca725fa7bc872df5c3531d,5d7d467f306346001a7a6844,APPROVED,2023-08-02T15:12:36.336000Z,2023-08-02T15:15:34.504000Z,2023-08-02T15:18:00.641000,2023-08-02T15:15:34.994886Z,179,C6KNJA5F,595,"English, Polish",21,Male,White,Poland,Poland,Poland,Polish,No,Full-Time
64ca7260dc818c812fb607f4,5c3f3f83d831ed0001f78d1c,APPROVED,2023-08-02T15:12:36.516000Z,2023-08-02T15:15:11.958000Z,2023-08-02T15:18:00.789000,2023-08-02T15:15:12.680486Z,156,C6KNJA5F,920,English,36,Male,White,United Kingdom,United Kingdom,United Kingdom,English,No,Full-Time
64ca73a4e18c867955ec6445,5fd85707af5bd719a5e20419,APPROVED,2023-08-02T15:18:09.267000Z,2023-08-02T15:26:51.307000Z,2023-08-02T15:27:43.040000,2023-08-02T15:26:52.134995Z,523,C6KNJA5F,367,English,29,Male,White,Hungary,Hungary,Hungary,Hungarian,No,Full-Time
64ca73a50ef8486ff20c5e87,61687ebcd2a35ffb762d1928,APPROVED,2023-08-02T15:18:21.174000Z,2023-08-02T15:23:06.797000Z,2023-08-02T15:25:54.448000,2023-08-02T15:23:07.467747Z,286,C6KNJA5F,642,English,30,Female,Black,South Africa,South Africa,South Africa,English,Yes,Full-Time
64ca73a597ed7ef0911781cd,607d81b8f1743b52d56bf66e,APPROVED,2023-08-02T15:18:02.072000Z,2023-08-02T15:21:55.751000Z,2023-08-02T15:22:58.545000,2023-08-02T15:21:56.341210Z,234,C6KNJA5F,675,"English, French, Spanish",45,Female,White,Spain,United Kingdom,Spain,Spanish,No,Full-Time
64ca73a65676f82b5902fe8e,60bf28df4926a8b6391df575,APPROVED,2023-08-02T15:18:03.491000Z,2023-08-02T15:20:52.724000Z,2023-08-02T15:21:52.397000,2023-08-02T15:21:01.682289Z,170,C6KNJA5F,682,"English, Polish",21,Male,White,Poland,Poland,Poland,English,Yes,Part-Time
64ca73a6e9b8d9468b4724a2,60f6f802c0ede08f7cf69720,APPROVED,2023-08-02T15:18:04.539000Z,2023-08-02T15:21:13.848000Z,2023-08-02T15:21:52.521000,2023-08-02T15:21:15.970609Z,190,C6KNJA5F,640,English,60,Female,White,Ireland,Ireland,Ireland,English,No,Full-Time
64ca73f8f64014ddea5e1ce7,5c5895f5af5bed0001f9ee92,APPROVED,2023-08-02T15:19:24.126000Z,2023-08-02T15:23:03.401000Z,2023-08-02T15:25:54.607000,2023-08-02T15:23:03.906239Z,220,C6KNJA5F,902,"Polish, English",28,Male,White,Poland,Poland,Poland,Polish,No,Full-Time
64ca73fc0726e33d9702fe4f,5f9b1bd8ffa5e21886c0caa6,APPROVED,2023-08-02T15:19:34.576000Z,2023-08-02T15:24:11.724000Z,2023-08-02T15:27:43.184000,2023-08-02T15:24:12.546429Z,278,C6KNJA5F,341,English,33,Female,White,Canada,Canada,Canada,English,No,Full-Time
64ca73fe205a30b23039eb1b,60b660e5a08b0a3b2d0abbb7,APPROVED,2023-08-02T15:19:30.639000Z,2023-08-02T15:23:12.585000Z,2023-08-02T15:25:54.738000,2023-08-02T15:23:13.743475Z,222,C6KNJA5F,220,English,23,Female,Black,South Africa,South Africa,South Africa,English,Yes,Unemployed (and job seeking)
64ca73ff844ed35e2ce5f901,55c333b0fdf99b1dbd2131bd,APPROVED,2023-08-02T15:19:27.274000Z,2023-08-02T15:25:13.174000Z,2023-08-02T15:27:43.309000,2023-08-02T15:25:13.697919Z,346,C6KNJA5F,755,"English, Czech, Slovak",26,Male,White,Czech Republic,Czech Republic,Czech Republic,Czech,Yes,"Not in paid work (e.g. homemaker', 'retired or disabled)"
64ca75e802426edd70dd6549,60087e9189ddb34b79b08be5,APPROVED,2023-08-02T15:27:36.178000Z,2023-08-02T15:29:10.012000Z,2023-08-02T15:32:46.214000,2023-08-02T15:29:10.792847Z,94,C6KNJA5F,630,"Polish, German, English, French, Italian",28,Male,White,Poland,Poland,Poland,Polish,DATA_EXPIRED,DATA_EXPIRED
64ca75ea37ff9f03f8084fd6,5c180a3ac59c17000167491e,APPROVED,2023-08-02T15:27:41.458000Z,2023-08-02T15:30:19.476000Z,2023-08-02T15:32:46.335000,2023-08-02T15:30:20.311003Z,159,C6KNJA5F,2356,English,35,Male,White,United Kingdom,United Kingdom,United Kingdom,English,No,Full-Time
64ca75ebce06fc672a5550a7,5df03fabc1ef790aa5595f8f,APPROVED,2023-08-02T15:27:49.547000Z,2023-08-02T15:30:47.141000Z,2023-08-02T15:32:46.456000,2023-08-02T15:30:48.620067Z,178,C6KNJA5F,1784,English,44,Female,Mixed,United Kingdom,United Kingdom,United Kingdom,English,No,Full-Time
64ca767b915f3832cdc35322,5ea487ce2179512ba1456477,APPROVED,2023-08-02T15:30:07.264000Z,2023-08-02T15:33:24.555000Z,2023-08-02T15:33:58.701000,2023-08-02T15:33:28.364253Z,198,C6KNJA5F,76,"Polish, English",24,Male,White,Poland,Poland,Poland,Polish,Yes,Unemployed (and job seeking)
