"rt","stimulus","response","trial_type","trial_index","time_elapsed","internal_node_id","subject_id","study_id","session_id","success","timeout","failed_images","failed_audio","failed_video","object_choices","object_selected"
"13326","<h3>Welcome to the experiment</h3>   <p style='text-align:middle'>This is an experiment about proper names. It will take about 10 minutes to complete, and you will be compensated by the amount indicated on Prolific.</p>   <p style='text-align:middle'>It is being conducted by Prof. Jennifer Culbertson at the University of Edinburgh, and has been granted ethical approval.</p>  <p style='text-align:middle'>Please <a href = 'https://drive.google.com/file/d/12CuDBIW0lU_RnekYf2s3vtpqvStl8IV3/view?usp=sharing' target='view_window'> click here</a> to read an information sheet about the study.</p>  <br><p style='text-align:left'>By agreeing below you indicate that: </p>  <p style='text-align:left'>- You are at least 18 years old.</p>  <p style='text-align:left'>- You have read the information sheet.</p>  <p style='text-align:left'>- You voluntarily agree to participate, and understand you can stop your participation at any point.</p>  <p style='text-align:left'>- You agree that your anonymous data may be kept permanently by the researchers and maybe used for research purposes.</p>","0","html-button-response","0","13337","0.0-0.0","60a0dfc6f9936b0d30dfea15","64ca66568feaf4b164265a24","64ca6beb006a1d5dcc85829c","","","","","","",""
"","","","preload","1","13339","0.0-1.0","60a0dfc6f9936b0d30dfea15","64ca66568feaf4b164265a24","64ca6beb006a1d5dcc85829c","true","false","[]","[]","[]","",""
"16496","<h3>Brief Introduction</h3><p>Imagine you have won a set of objects as part of a prize. In this study, we will first show you all the objects you've won.</p>    <p>Then we will ask whether you'd like to name some of the objects, </p><p>and whether you'd like to use the name when showing the object to a friend. </p>    <p>You'll get more instructions once you start.</p>","0","html-button-response","2","29836","0.0-2.0","60a0dfc6f9936b0d30dfea15","64ca66568feaf4b164265a24","64ca6beb006a1d5dcc85829c","","","","","","",""
"8456","<h3>Here are all the prizes you have got!</h3> <p>Are you ready to deal with them? Then press 'Start'. </p><img src='images/all prizes.jpg'/>","0","html-button-response","3","38293","0.0-3.0","60a0dfc6f9936b0d30dfea15","64ca66568feaf4b164265a24","64ca6beb006a1d5dcc85829c","","","","","","",""
"19729","<h3>Choose an object</h3> <p> Here are some objects you won. Choose any <b>ONE</b> of them to give a name to. <p style='text-align:middle'>  You will have some operations to do with this object and its name.         <p style='text-align:middle'>  Which object would you like to name? (Also, you can choose not to name.)</p>","4","html-button-response","4","58023","0.0-4.0-0.0","60a0dfc6f9936b0d30dfea15","64ca66568feaf4b164265a24","64ca6beb006a1d5dcc85829c","","","","","","[""cat2"",""goldfish1"",""goldfish2"",""cat1"",""skip""]","skip"
"4571","<h3>Well done!</h3><img src='images/welldone.jpg'/><p> You will now proceed through a series of trials just like the ones you just did. </p>","0","html-button-response","5","63096","0.0-5.0","60a0dfc6f9936b0d30dfea15","64ca66568feaf4b164265a24","64ca6beb006a1d5dcc85829c","","","","","","",""
"21729","<h3>Choose an object</h3> <p> Here are some objects you won. Choose any <b>ONE</b> of them to give a name to. <p style='text-align:middle'>  You will have some operations to do with this object and its name.         <p style='text-align:middle'>  Which object would you like to name? (Also, you can choose not to name.)</p>","4","html-button-response","6","84826","0.0-6.0-0.0","60a0dfc6f9936b0d30dfea15","64ca66568feaf4b164265a24","64ca6beb006a1d5dcc85829c","","","","","","[""mice3"",""mice4"",""chair4"",""chair3"",""skip""]","skip"
"31953","<h3>Choose an object</h3> <p> Here are some objects you won. Choose any <b>ONE</b> of them to give a name to. <p style='text-align:middle'>  You will have some operations to do with this object and its name.         <p style='text-align:middle'>  Which object would you like to name? (Also, you can choose not to name.)</p>","4","html-button-response","7","117280","0.0-7.0-0.0","60a0dfc6f9936b0d30dfea15","64ca66568feaf4b164265a24","64ca6beb006a1d5dcc85829c","","","","","","[""chair2"",""chair1"",""bike2"",""bike1"",""skip""]","skip"
"13309","<h3>Choose an object</h3> <p> Here are some objects you won. Choose any <b>ONE</b> of them to give a name to. <p style='text-align:middle'>  You will have some operations to do with this object and its name.         <p style='text-align:middle'>  Which object would you like to name? (Also, you can choose not to name.)</p>","4","html-button-response","8","131094","0.0-8.0-0.0","60a0dfc6f9936b0d30dfea15","64ca66568feaf4b164265a24","64ca6beb006a1d5dcc85829c","","","","","","[""TV2"",""dog1"",""dog2"",""TV1"",""skip""]","skip"
"8867","<h3>Choose an object</h3> <p> Here are some objects you won. Choose any <b>ONE</b> of them to give a name to. <p style='text-align:middle'>  You will have some operations to do with this object and its name.         <p style='text-align:middle'>  Which object would you like to name? (Also, you can choose not to name.)</p>","4","html-button-response","9","140472","0.0-9.0-0.0","60a0dfc6f9936b0d30dfea15","64ca66568feaf4b164265a24","64ca6beb006a1d5dcc85829c","","","","","","[""robin2"",""cup2"",""robin1"",""cup1"",""skip""]","skip"
"6097","<h3>Choose an object</h3> <p> Here are some objects you won. Choose any <b>ONE</b> of them to give a name to. <p style='text-align:middle'>  You will have some operations to do with this object and its name.         <p style='text-align:middle'>  Which object would you like to name? (Also, you can choose not to name.)</p>","4","html-button-response","10","147072","0.0-10.0-0.0","60a0dfc6f9936b0d30dfea15","64ca66568feaf4b164265a24","64ca6beb006a1d5dcc85829c","","","","","","[""dog3"",""dog4"",""cup3"",""cup4"",""skip""]","skip"
"6035","<h3>Choose an object</h3> <p> Here are some objects you won. Choose any <b>ONE</b> of them to give a name to. <p style='text-align:middle'>  You will have some operations to do with this object and its name.         <p style='text-align:middle'>  Which object would you like to name? (Also, you can choose not to name.)</p>","4","html-button-response","11","153609","0.0-11.0-0.0","60a0dfc6f9936b0d30dfea15","64ca66568feaf4b164265a24","64ca6beb006a1d5dcc85829c","","","","","","[""cow2"",""fan1"",""fan2"",""cow1"",""skip""]","skip"
"4131","<h3>Choose an object</h3> <p> Here are some objects you won. Choose any <b>ONE</b> of them to give a name to. <p style='text-align:middle'>  You will have some operations to do with this object and its name.         <p style='text-align:middle'>  Which object would you like to name? (Also, you can choose not to name.)</p>","4","html-button-response","12","158242","0.0-12.0-0.0","60a0dfc6f9936b0d30dfea15","64ca66568feaf4b164265a24","64ca6beb006a1d5dcc85829c","","","","","","[""cat4"",""skateboard1"",""cat3"",""skateboard2"",""skip""]","skip"
"5850","<h3>Choose an object</h3> <p> Here are some objects you won. Choose any <b>ONE</b> of them to give a name to. <p style='text-align:middle'>  You will have some operations to do with this object and its name.         <p style='text-align:middle'>  Which object would you like to name? (Also, you can choose not to name.)</p>","4","html-button-response","13","164604","0.0-13.0-0.0","60a0dfc6f9936b0d30dfea15","64ca66568feaf4b164265a24","64ca6beb006a1d5dcc85829c","","","","","","[""squirrel1"",""squirrel2"",""sheep1"",""sheep2"",""skip""]","skip"
"4956","<h3>Choose an object</h3> <p> Here are some objects you won. Choose any <b>ONE</b> of them to give a name to. <p style='text-align:middle'>  You will have some operations to do with this object and its name.         <p style='text-align:middle'>  Which object would you like to name? (Also, you can choose not to name.)</p>","4","html-button-response","14","170061","0.0-14.0-0.0","60a0dfc6f9936b0d30dfea15","64ca66568feaf4b164265a24","64ca6beb006a1d5dcc85829c","","","","","","[""goldfish3"",""skateboard4"",""skateboard3"",""goldfish4"",""skip""]","skip"
"3118","<h3>Choose an object</h3> <p> Here are some objects you won. Choose any <b>ONE</b> of them to give a name to. <p style='text-align:middle'>  You will have some operations to do with this object and its name.         <p style='text-align:middle'>  Which object would you like to name? (Also, you can choose not to name.)</p>","4","html-button-response","15","173680","0.0-15.0-0.0","60a0dfc6f9936b0d30dfea15","64ca66568feaf4b164265a24","64ca6beb006a1d5dcc85829c","","","","","","[""phone1"",""phone2"",""mice1"",""mice2"",""skip""]","skip"
"3807","<h3>Choose an object</h3> <p> Here are some objects you won. Choose any <b>ONE</b> of them to give a name to. <p style='text-align:middle'>  You will have some operations to do with this object and its name.         <p style='text-align:middle'>  Which object would you like to name? (Also, you can choose not to name.)</p>","4","html-button-response","16","177993","0.0-16.0-0.0","60a0dfc6f9936b0d30dfea15","64ca66568feaf4b164265a24","64ca6beb006a1d5dcc85829c","","","","","","[""phone4"",""box2"",""box1"",""phone3"",""skip""]","skip"
"2555","<h3>Finished!</h3>  <p style='text-align:middle'>Thanks for your participation and your contribution to our study!</p>  <p style='text-align:middle'>Click 'Continue' to finish the experiment and get your completion code.</p>","0","html-button-response","17","181049","0.0-17.0","60a0dfc6f9936b0d30dfea15","64ca66568feaf4b164265a24","64ca6beb006a1d5dcc85829c","","","","","","",""
