{"chunk_definitions":[{"row":13,"row_count":1,"visible":true,"expansion_state":0,"options":{"engine":"r","label":"setup","include":false},"document_id":"720D1F77","chunk_id":"csetup_chunk","chunk_label":"setup"},{"row":18,"row_count":1,"visible":true,"expansion_state":0,"options":{"engine":"r","label":"unnamed-chunk-1"},"document_id":"720D1F77","chunk_id":"cvn1dke67ud5x","chunk_label":"unnamed-chunk-1"},{"row":30,"row_count":1,"visible":true,"expansion_state":0,"options":{"engine":"r","label":"unnamed-chunk-7"},"document_id":"720D1F77","chunk_id":"cx0zfuv3slo5o","chunk_label":"unnamed-chunk-2"},{"row":41,"row_count":1,"visible":true,"expansion_state":0,"options":{"engine":"r","label":"unnamed-chunk-9"},"document_id":"720D1F77","chunk_id":"c24n2i96se96l","chunk_label":"unnamed-chunk-3"},{"row":45,"row_count":1,"visible":true,"expansion_state":0,"options":{"engine":"r","label":"unnamed-chunk-10"},"document_id":"720D1F77","chunk_id":"cpnec617m2697","chunk_label":"unnamed-chunk-4"},{"row":63,"row_count":1,"visible":true,"expansion_state":0,"options":{"engine":"r","label":"unnamed-chunk-12"},"document_id":"720D1F77","chunk_id":"cflztj8v0eu73","chunk_label":"unnamed-chunk-6"},{"row":73,"row_count":1,"visible":true,"expansion_state":0,"options":{"engine":"r","label":"unnamed-chunk-13"},"document_id":"720D1F77","chunk_id":"cloz8aa0dhqdw","chunk_label":"unnamed-chunk-7"},{"row":85,"row_count":1,"visible":true,"expansion_state":0,"options":{"engine":"r","label":"unnamed-chunk-15"},"document_id":"720D1F77","chunk_id":"ckj31viyl2tn7","chunk_label":"unnamed-chunk-8"},{"row":109,"row_count":1,"visible":true,"expansion_state":0,"options":{"engine":"r","label":"unnamed-chunk-53"},"document_id":"720D1F77","chunk_id":"c96k689a9dqps","chunk_label":"unnamed-chunk-9"},{"row":120,"row_count":1,"visible":true,"expansion_state":0,"options":{"engine":"r","label":"unnamed-chunk-55"},"document_id":"720D1F77","chunk_id":"coxx2i0vakm5p","chunk_label":"unnamed-chunk-10"},{"row":124,"row_count":1,"visible":true,"expansion_state":0,"options":{"engine":"r","label":"unnamed-chunk-56"},"document_id":"720D1F77","chunk_id":"cvc9vs3fuqcma","chunk_label":"unnamed-chunk-11"},{"row":130,"row_count":1,"visible":true,"expansion_state":0,"options":{"engine":"r","label":"unnamed-chunk-57"},"document_id":"720D1F77","chunk_id":"cq7ewfyldh009","chunk_label":"unnamed-chunk-12"},{"row":140,"row_count":1,"visible":true,"expansion_state":0,"options":{"engine":"r","label":"unnamed-chunk-62"},"document_id":"720D1F77","chunk_id":"ce9d8ar28by2j","chunk_label":"unnamed-chunk-13"}],"doc_write_time":1691071409,"working_dir":"G:/Master's/s3 dissertation/data analysis","default_chunk_options":{"echo":true},"chunk_rendered_width":630}