"0","pr <- read_csv(""Summary.csv"")"
"2","[1mRows: [22m[34m600[39m [1mColumns: [22m[34m9[39m"
"2","[36m──[39m [1mColumn specification[22m [36m──────────────────────────────────────────────────────────────────────────────────────────────────────[39m
[1mDelimiter:[22m "",""
[31mchr[39m (7): contrast, ani.diff, cul.diff, ani.agg, cul.agg, object, label
[32mdbl[39m (2): subject, biased"
"2","
[36mℹ[39m Use `spec()` to retrieve the full column specification for this data.
[36mℹ[39m Specify the column types or set `show_col_types = FALSE` to quiet this message."
