{"chunk_definitions":[{"row":13,"row_count":1,"visible":true,"expansion_state":0,"options":{"engine":"r","label":"setup","include":false},"document_id":"720D1F77","chunk_id":"csetup_chunk","chunk_label":"setup"},{"row":17,"row_count":1,"visible":true,"expansion_state":0,"options":{"engine":"r","label":"unnamed-chunk-1"},"document_id":"720D1F77","chunk_id":"cvn1dke67ud5x","chunk_label":"unnamed-chunk-1"},{"row":26,"row_count":1,"visible":true,"expansion_state":0,"options":{"engine":"r","label":"unnamed-chunk-2"},"document_id":"720D1F77","chunk_id":"cu34yl5mlvzs0","chunk_label":"unnamed-chunk-2"},{"row":38,"row_count":1,"visible":true,"expansion_state":0,"options":{"engine":"r","label":"unnamed-chunk-3"},"document_id":"720D1F77","chunk_id":"cx0zfuv3slo5o","chunk_label":"unnamed-chunk-3"},{"row":49,"row_count":1,"visible":true,"expansion_state":0,"options":{"engine":"r","label":"unnamed-chunk-4"},"document_id":"720D1F77","chunk_id":"c24n2i96se96l","chunk_label":"unnamed-chunk-4"},{"row":53,"row_count":1,"visible":true,"expansion_state":0,"options":{"engine":"r","label":"unnamed-chunk-5"},"document_id":"720D1F77","chunk_id":"cklkw7kl1bave","chunk_label":"unnamed-chunk-5"},{"row":59,"row_count":1,"visible":true,"expansion_state":0,"options":{"engine":"r","label":"unnamed-chunk-6"},"document_id":"720D1F77","chunk_id":"czyvptm0gmt1n","chunk_label":"unnamed-chunk-6"},{"row":71,"row_count":1,"visible":true,"expansion_state":0,"options":{"engine":"r","label":"unnamed-chunk-7"},"document_id":"720D1F77","chunk_id":"chm11lj4o9sdt","chunk_label":"unnamed-chunk-7"},{"row":81,"row_count":1,"visible":true,"expansion_state":0,"options":{"engine":"r","label":"unnamed-chunk-8"},"document_id":"720D1F77","chunk_id":"cs8nitzgwluhn","chunk_label":"unnamed-chunk-8"},{"row":93,"row_count":1,"visible":true,"expansion_state":0,"options":{"engine":"r","label":"unnamed-chunk-9"},"document_id":"720D1F77","chunk_id":"cqghpbnsf9kos","chunk_label":"unnamed-chunk-9"},{"row":115,"row_count":1,"visible":true,"expansion_state":0,"options":{"engine":"r","label":"unnamed-chunk-10"},"document_id":"720D1F77","chunk_id":"ctz70l6tnaslx","chunk_label":"unnamed-chunk-10"},{"row":126,"row_count":1,"visible":true,"expansion_state":0,"options":{"engine":"r","label":"unnamed-chunk-11"},"document_id":"720D1F77","chunk_id":"ctf5bulxvmq0j","chunk_label":"unnamed-chunk-11"},{"row":130,"row_count":1,"visible":true,"expansion_state":0,"options":{"engine":"r","label":"unnamed-chunk-12"},"document_id":"720D1F77","chunk_id":"ctbbapzxeibc0","chunk_label":"unnamed-chunk-12"},{"row":136,"row_count":1,"visible":true,"expansion_state":0,"options":{"engine":"r","label":"unnamed-chunk-13"},"document_id":"720D1F77","chunk_id":"c7k7ulerlyffy","chunk_label":"unnamed-chunk-13"},{"row":146,"row_count":1,"visible":true,"expansion_state":0,"options":{"engine":"r","label":"unnamed-chunk-14"},"document_id":"720D1F77","chunk_id":"cvtinic0oat1f","chunk_label":"unnamed-chunk-14"},{"row":156,"row_count":1,"visible":true,"expansion_state":0,"options":{"engine":"r","label":"unnamed-chunk-15"},"document_id":"720D1F77","chunk_id":"cmuzl9ykp9m0i","chunk_label":"unnamed-chunk-15"},{"row":169,"row_count":1,"visible":true,"expansion_state":0,"options":{"engine":"r","label":"unnamed-chunk-1"},"document_id":"720D1F77","chunk_id":"cypws1wozltpa","chunk_label":"unnamed-chunk-16"},{"row":191,"row_count":1,"visible":true,"expansion_state":0,"options":{"engine":"r","label":"unnamed-chunk-20"},"document_id":"720D1F77","chunk_id":"cbkk35d4yljqx","chunk_label":"unnamed-chunk-17"},{"row":202,"row_count":1,"visible":true,"expansion_state":0,"options":{"engine":"r","label":"unnamed-chunk-21"},"document_id":"720D1F77","chunk_id":"c3qyjnswz6lsp","chunk_label":"unnamed-chunk-18"},{"row":207,"row_count":1,"visible":true,"expansion_state":0,"options":{"engine":"r","label":"unnamed-chunk-22"},"document_id":"720D1F77","chunk_id":"ciuaavjstgh6w","chunk_label":"unnamed-chunk-19"},{"row":212,"row_count":1,"visible":true,"expansion_state":0,"options":{"engine":"r","label":"unnamed-chunk-23"},"document_id":"720D1F77","chunk_id":"c5knohiomwg4n","chunk_label":"unnamed-chunk-20"},{"row":224,"row_count":1,"visible":true,"expansion_state":0,"options":{"engine":"r","label":"unnamed-chunk-24"},"document_id":"720D1F77","chunk_id":"cbn75efq1q3pl","chunk_label":"unnamed-chunk-21"},{"row":234,"row_count":1,"visible":true,"expansion_state":0,"options":{"engine":"r","label":"unnamed-chunk-33"},"document_id":"720D1F77","chunk_id":"c0zwnp79ouq5b","chunk_label":"unnamed-chunk-22"},{"row":247,"row_count":1,"visible":true,"expansion_state":0,"options":{"engine":"r","label":"unnamed-chunk-62"},"document_id":"720D1F77","chunk_id":"ch8ib2jb2cisy","chunk_label":"unnamed-chunk-23"}],"doc_write_time":1691162091,"working_dir":"G:/Master's/s3 dissertation/data analysis","default_chunk_options":{"echo":true}}