"0","object = pr %>%"
"0","  # select() allows you to select specific columns"
"0","  select(subject,contrast,object,label,biased) %>%"
"0","  filter(label == ""C"" | label == ""P"") %>%"
"0","  mutate("
"0","  skip = case_when("
"0","    label == ""skip"" ~ ""yes"","
"0","    label == ""C"" | label == ""P"" ~ ""no"")"
"0","  ) %>%"
"0","  mutate ("
"0","  Animacy = case_when("
"0","    object == ""HA"" | object == ""LA"" ~ ""Animate"","
"0","    object == ""HI"" | object == ""LI"" ~ ""Inanimate"")"
"0","  ) %>%"
"0","  mutate ("
"0","  CulturalImportance = case_when("
"0","    object == ""HA"" | object == ""HI"" ~ ""High"","
"0","    object == ""LA"" | object == ""LI"" ~ ""Low"") "
"0","  )"
