"rt","stimulus","response","trial_type","trial_index","time_elapsed","internal_node_id","subject_id","study_id","session_id","success","timeout","failed_images","failed_audio","failed_video","object_choices","object_selected"
"12580","<h3>Welcome to the experiment</h3>   <p style='text-align:middle'>This is an experiment about proper names. It will take about 10 minutes to complete, and you will be compensated by the amount indicated on Prolific.</p>   <p style='text-align:middle'>It is being conducted by Prof. Jennifer Culbertson at the University of Edinburgh, and has been granted ethical approval.</p>  <p style='text-align:middle'>Please <a href = 'https://drive.google.com/file/d/12CuDBIW0lU_RnekYf2s3vtpqvStl8IV3/view?usp=sharing' target='view_window'> click here</a> to read an information sheet about the study.</p>  <br><p style='text-align:left'>By agreeing below you indicate that: </p>  <p style='text-align:left'>- You are at least 18 years old.</p>  <p style='text-align:left'>- You have read the information sheet.</p>  <p style='text-align:left'>- You voluntarily agree to participate, and understand you can stop your participation at any point.</p>  <p style='text-align:left'>- You agree that your anonymous data may be kept permanently by the researchers and maybe used for research purposes.</p>","0","html-button-response","0","12597","0.0-0.0","64c7fa7757eeb74fc2cf43b7","64c91fe84cf304ca2259c464","0jlv6wepg1rd","","","","","","",""
"","","","preload","1","12598","0.0-1.0","64c7fa7757eeb74fc2cf43b7","64c91fe84cf304ca2259c464","0jlv6wepg1rd","true","false","[]","[]","[]","",""
"2118","<h3>Brief Introduction</h3><p>Imagine you have won a set of objects as part of a prize. In this study, we will first show you all the objects you've won.</p>    <p>Then we will ask whether you'd like to name some of the objects, </p><p>and whether you'd like to use the name when showing the object to a friend. </p>    <p>You'll get more instructions once you start.</p>","0","html-button-response","2","14716","0.0-2.0","64c7fa7757eeb74fc2cf43b7","64c91fe84cf304ca2259c464","0jlv6wepg1rd","","","","","","",""
"1077","<h3>Here are all the prizes you have got!</h3> <p>Are you ready to deal with them? Then press 'Start'. </p><img src='images/all prizes.jpg'/>","0","html-button-response","3","15795","0.0-3.0","64c7fa7757eeb74fc2cf43b7","64c91fe84cf304ca2259c464","0jlv6wepg1rd","","","","","","",""
"815","<h3>Choose an object</h3> <p> Here are some objects you won. Choose any <b>ONE</b> of them to give a name to. <p style='text-align:middle'>  You will have some operations to do with this object and its name.         <p style='text-align:middle'>  Which object would you like to name? (Also, you can choose not to name.)</p>","4","html-button-response","4","16611","0.0-4.0-0.0","64c7fa7757eeb74fc2cf43b7","64c91fe84cf304ca2259c464","0jlv6wepg1rd","","","","","","[""cat1"",""goldfish1"",""cat2"",""goldfish2"",""skip""]","skip"
"755","<h3>Well done!</h3><img src='images/welldone.jpg'/><p> You will now proceed through a series of trials just like the ones you just did. </p>","0","html-button-response","5","17868","0.0-5.0","64c7fa7757eeb74fc2cf43b7","64c91fe84cf304ca2259c464","0jlv6wepg1rd","","","","","","",""
"971","<h3>Choose an object</h3> <p> Here are some objects you won. Choose any <b>ONE</b> of them to give a name to. <p style='text-align:middle'>  You will have some operations to do with this object and its name.         <p style='text-align:middle'>  Which object would you like to name? (Also, you can choose not to name.)</p>","4","html-button-response","6","18840","0.0-6.0-0.0","64c7fa7757eeb74fc2cf43b7","64c91fe84cf304ca2259c464","0jlv6wepg1rd","","","","","","[""cat4"",""cat3"",""skateboard1"",""skateboard2"",""skip""]","skip"
"947","<h3>Choose an object</h3> <p> Here are some objects you won. Choose any <b>ONE</b> of them to give a name to. <p style='text-align:middle'>  You will have some operations to do with this object and its name.         <p style='text-align:middle'>  Which object would you like to name? (Also, you can choose not to name.)</p>","4","html-button-response","7","20288","0.0-7.0-0.0","64c7fa7757eeb74fc2cf43b7","64c91fe84cf304ca2259c464","0jlv6wepg1rd","","","","","","[""cow1"",""cow2"",""fan2"",""fan1"",""skip""]","skip"
"601","<h3>Choose an object</h3> <p> Here are some objects you won. Choose any <b>ONE</b> of them to give a name to. <p style='text-align:middle'>  You will have some operations to do with this object and its name.         <p style='text-align:middle'>  Which object would you like to name? (Also, you can choose not to name.)</p>","4","html-button-response","8","21390","0.0-8.0-0.0","64c7fa7757eeb74fc2cf43b7","64c91fe84cf304ca2259c464","0jlv6wepg1rd","","","","","","[""dog2"",""TV1"",""TV2"",""dog1"",""skip""]","skip"
"2177","<h3>Choose an object</h3> <p> Here are some objects you won. Choose any <b>ONE</b> of them to give a name to. <p style='text-align:middle'>  You will have some operations to do with this object and its name.         <p style='text-align:middle'>  Which object would you like to name? (Also, you can choose not to name.)</p>","4","html-button-response","9","24074","0.0-9.0-0.0","64c7fa7757eeb74fc2cf43b7","64c91fe84cf304ca2259c464","0jlv6wepg1rd","","","","","","[""chair1"",""bike1"",""chair2"",""bike2"",""skip""]","skip"
"608","<h3>Choose an object</h3> <p> Here are some objects you won. Choose any <b>ONE</b> of them to give a name to. <p style='text-align:middle'>  You will have some operations to do with this object and its name.         <p style='text-align:middle'>  Which object would you like to name? (Also, you can choose not to name.)</p>","4","html-button-response","10","25184","0.0-10.0-0.0","64c7fa7757eeb74fc2cf43b7","64c91fe84cf304ca2259c464","0jlv6wepg1rd","","","","","","[""cup4"",""dog3"",""cup3"",""dog4"",""skip""]","skip"
"211","<h3>Choose an object</h3> <p> Here are some objects you won. Choose any <b>ONE</b> of them to give a name to. <p style='text-align:middle'>  You will have some operations to do with this object and its name.         <p style='text-align:middle'>  Which object would you like to name? (Also, you can choose not to name.)</p>","4","html-button-response","11","25896","0.0-11.0-0.0","64c7fa7757eeb74fc2cf43b7","64c91fe84cf304ca2259c464","0jlv6wepg1rd","","","","","","[""cup1"",""robin2"",""cup2"",""robin1"",""skip""]","skip"
"192","<h3>Choose an object</h3> <p> Here are some objects you won. Choose any <b>ONE</b> of them to give a name to. <p style='text-align:middle'>  You will have some operations to do with this object and its name.         <p style='text-align:middle'>  Which object would you like to name? (Also, you can choose not to name.)</p>","4","html-button-response","12","26592","0.0-12.0-0.0","64c7fa7757eeb74fc2cf43b7","64c91fe84cf304ca2259c464","0jlv6wepg1rd","","","","","","[""phone1"",""phone2"",""mice2"",""mice1"",""skip""]","skip"
"182","<h3>Choose an object</h3> <p> Here are some objects you won. Choose any <b>ONE</b> of them to give a name to. <p style='text-align:middle'>  You will have some operations to do with this object and its name.         <p style='text-align:middle'>  Which object would you like to name? (Also, you can choose not to name.)</p>","4","html-button-response","13","27283","0.0-13.0-0.0","64c7fa7757eeb74fc2cf43b7","64c91fe84cf304ca2259c464","0jlv6wepg1rd","","","","","","[""sheep1"",""squirrel2"",""sheep2"",""squirrel1"",""skip""]","skip"
"156","<h3>Choose an object</h3> <p> Here are some objects you won. Choose any <b>ONE</b> of them to give a name to. <p style='text-align:middle'>  You will have some operations to do with this object and its name.         <p style='text-align:middle'>  Which object would you like to name? (Also, you can choose not to name.)</p>","4","html-button-response","14","27946","0.0-14.0-0.0","64c7fa7757eeb74fc2cf43b7","64c91fe84cf304ca2259c464","0jlv6wepg1rd","","","","","","[""phone3"",""box1"",""box2"",""phone4"",""skip""]","skip"
"157","<h3>Choose an object</h3> <p> Here are some objects you won. Choose any <b>ONE</b> of them to give a name to. <p style='text-align:middle'>  You will have some operations to do with this object and its name.         <p style='text-align:middle'>  Which object would you like to name? (Also, you can choose not to name.)</p>","4","html-button-response","15","28606","0.0-15.0-0.0","64c7fa7757eeb74fc2cf43b7","64c91fe84cf304ca2259c464","0jlv6wepg1rd","","","","","","[""mice4"",""mice3"",""chair3"",""chair4"",""skip""]","skip"
"170","<h3>Choose an object</h3> <p> Here are some objects you won. Choose any <b>ONE</b> of them to give a name to. <p style='text-align:middle'>  You will have some operations to do with this object and its name.         <p style='text-align:middle'>  Which object would you like to name? (Also, you can choose not to name.)</p>","4","html-button-response","16","29286","0.0-16.0-0.0","64c7fa7757eeb74fc2cf43b7","64c91fe84cf304ca2259c464","0jlv6wepg1rd","","","","","","[""skateboard4"",""goldfish3"",""goldfish4"",""skateboard3"",""skip""]","skip"
"797","<h3>Finished!</h3>  <p style='text-align:middle'>Thanks for your participation and your contribution to our study!</p>  <p style='text-align:middle'>Click 'Continue' to finish the experiment and get your completion code.</p>","0","html-button-response","17","30585","0.0-17.0","64c7fa7757eeb74fc2cf43b7","64c91fe84cf304ca2259c464","0jlv6wepg1rd","","","","","","",""
