subject,contrast,ani.diff,cul.diff,ani.agg,cul.agg,object,label,biased
1,HA vs. LA,N/A,Cultural,double,single,HA,C,1
1,HA vs. HI,Animate,N/A,single,double,HA,C,1
1,HA vs. LA,N/A,Cultural,double,single,HA,C,1
1,LI vs. HA,Animate,Cultural,single,single,HA,C,1
5,HA vs. LA,N/A,Cultural,double,single,HA,C,1
3,LI vs. HA,Animate,Cultural,single,single,HA,C,1
8,HA vs. LA,N/A,Cultural,double,single,HA,C,1
9,HA vs. LA,N/A,Cultural,double,single,HA,C,1
8,LI vs. HA,Animate,Cultural,single,single,HA,C,1
8,HA vs. HI,Animate,N/A,single,double,HA,C,1
10,LI vs. HA,Animate,Cultural,single,single,HA,C,1
10,HA vs. HI,Animate,N/A,single,double,HA,C,1
10,LI vs. HA,Animate,Cultural,single,single,HA,C,1
10,HA vs. HI,Animate,N/A,single,double,HA,C,1
19,HA vs. LA,N/A,Cultural,double,single,HA,C,1
21,HA vs. LA,N/A,Cultural,double,single,HA,C,1
23,HA vs. LA,N/A,Cultural,double,single,HA,C,1
23,HA vs. LA,N/A,Cultural,double,single,HA,C,1
19,LI vs. HA,Animate,Cultural,single,single,HA,C,1
26,HA vs. LA,N/A,Cultural,double,single,HA,C,1
27,HA vs. LA,N/A,Cultural,double,single,HA,C,1
21,LI vs. HA,Animate,Cultural,single,single,HA,C,1
21,LI vs. HA,Animate,Cultural,single,single,HA,C,1
22,LI vs. HA,Animate,Cultural,single,single,HA,C,1
21,HA vs. HI,Animate,N/A,single,double,HA,C,1
29,HA vs. LA,N/A,Cultural,double,single,HA,C,1
24,LI vs. HA,Animate,Cultural,single,single,HA,C,1
24,LI vs. HA,Animate,Cultural,single,single,HA,C,1
21,HA vs. HI,Animate,N/A,single,double,HA,C,1
31,HA vs. LA,N/A,Cultural,double,single,HA,C,1
24,HA vs. HI,Animate,N/A,single,double,HA,C,1
33,HA vs. LA,N/A,Cultural,double,single,HA,C,1
42,HA vs. LA,N/A,Cultural,double,single,HA,C,1
31,LI vs. HA,Animate,Cultural,single,single,HA,C,1
42,HA vs. LA,N/A,Cultural,double,single,HA,C,1
32,LI vs. HA,Animate,Cultural,single,single,HA,C,1
31,HA vs. HI,Animate,N/A,single,double,HA,C,1
33,LI vs. HA,Animate,Cultural,single,single,HA,C,1
31,HA vs. HI,Animate,N/A,single,double,HA,C,1
46,HA vs. LA,N/A,Cultural,double,single,HA,C,1
49,HA vs. LA,N/A,Cultural,double,single,HA,C,1
41,LI vs. HA,Animate,Cultural,single,single,HA,C,1
41,LI vs. HA,Animate,Cultural,single,single,HA,C,1
44,LI vs. HA,Animate,Cultural,single,single,HA,C,1
41,HA vs. HI,Animate,N/A,single,double,HA,C,1
42,HA vs. HI,Animate,N/A,single,double,HA,C,1
46,LI vs. HA,Animate,Cultural,single,single,HA,C,1
2,HA vs. LA,N/A,Cultural,double,single,HA,P,1
2,LI vs. HA,Animate,Cultural,single,single,HA,P,1
3,HA vs. HI,Animate,N/A,single,double,HA,P,1
3,HA vs. HI,Animate,N/A,single,double,HA,P,1
4,HA vs. LA,N/A,Cultural,double,single,HA,P,1
3,LI vs. HA,Animate,Cultural,single,single,HA,P,1
4,HA vs. HI,Animate,N/A,single,double,HA,P,1
4,HA vs. HI,Animate,N/A,single,double,HA,P,1
5,HA vs. LA,N/A,Cultural,double,single,HA,P,1
6,HA vs. LA,N/A,Cultural,double,single,HA,P,1
4,LI vs. HA,Animate,Cultural,single,single,HA,P,1
5,LI vs. HA,Animate,Cultural,single,single,HA,P,1
5,HA vs. HI,Animate,N/A,single,double,HA,P,1
6,HA vs. HI,Animate,N/A,single,double,HA,P,1
9,HA vs. LA,N/A,Cultural,double,single,HA,P,1
6,LI vs. HA,Animate,Cultural,single,single,HA,P,1
7,LI vs. HA,Animate,Cultural,single,single,HA,P,1
6,HA vs. HI,Animate,N/A,single,double,HA,P,1
7,HA vs. HI,Animate,N/A,single,double,HA,P,1
11,HA vs. LA,N/A,Cultural,double,single,HA,P,1
7,LI vs. HA,Animate,Cultural,single,single,HA,P,1
9,HA vs. HI,Animate,N/A,single,double,HA,P,1
11,HA vs. LA,N/A,Cultural,double,single,HA,P,1
12,HA vs. LA,N/A,Cultural,double,single,HA,P,1
13,HA vs. LA,N/A,Cultural,double,single,HA,P,1
9,LI vs. HA,Animate,Cultural,single,single,HA,P,1
9,HA vs. HI,Animate,N/A,single,double,HA,P,1
13,HA vs. LA,N/A,Cultural,double,single,HA,P,1
14,HA vs. LA,N/A,Cultural,double,single,HA,P,1
11,LI vs. HA,Animate,Cultural,single,single,HA,P,1
11,HA vs. HI,Animate,N/A,single,double,HA,P,1
15,HA vs. LA,N/A,Cultural,double,single,HA,P,1
16,HA vs. LA,N/A,Cultural,double,single,HA,P,1
12,LI vs. HA,Animate,Cultural,single,single,HA,P,1
13,LI vs. HA,Animate,Cultural,single,single,HA,P,1
11,HA vs. HI,Animate,N/A,single,double,HA,P,1
16,HA vs. LA,N/A,Cultural,double,single,HA,P,1
19,HA vs. LA,N/A,Cultural,double,single,HA,P,1
12,HA vs. HI,Animate,N/A,single,double,HA,P,1
20,HA vs. LA,N/A,Cultural,double,single,HA,P,1
22,HA vs. LA,N/A,Cultural,double,single,HA,P,1
13,LI vs. HA,Animate,Cultural,single,single,HA,P,1
14,LI vs. HA,Animate,Cultural,single,single,HA,P,1
13,HA vs. HI,Animate,N/A,single,double,HA,P,1
24,HA vs. LA,N/A,Cultural,double,single,HA,P,1
14,HA vs. HI,Animate,N/A,single,double,HA,P,1
25,HA vs. LA,N/A,Cultural,double,single,HA,P,1
14,LI vs. HA,Animate,Cultural,single,single,HA,P,1
15,LI vs. HA,Animate,Cultural,single,single,HA,P,1
14,HA vs. HI,Animate,N/A,single,double,HA,P,1
15,HA vs. HI,Animate,N/A,single,double,HA,P,1
26,HA vs. LA,N/A,Cultural,double,single,HA,P,1
27,HA vs. LA,N/A,Cultural,double,single,HA,P,1
28,HA vs. LA,N/A,Cultural,double,single,HA,P,1
15,LI vs. HA,Animate,Cultural,single,single,HA,P,1
16,LI vs. HA,Animate,Cultural,single,single,HA,P,1
15,HA vs. HI,Animate,N/A,single,double,HA,P,1
16,HA vs. HI,Animate,N/A,single,double,HA,P,1
30,HA vs. LA,N/A,Cultural,double,single,HA,P,1
33,HA vs. LA,N/A,Cultural,double,single,HA,P,1
16,LI vs. HA,Animate,Cultural,single,single,HA,P,1
17,LI vs. HA,Animate,Cultural,single,single,HA,P,1
16,HA vs. HI,Animate,N/A,single,double,HA,P,1
17,HA vs. HI,Animate,N/A,single,double,HA,P,1
34,HA vs. LA,N/A,Cultural,double,single,HA,P,1
18,LI vs. HA,Animate,Cultural,single,single,HA,P,1
35,HA vs. LA,N/A,Cultural,double,single,HA,P,1
36,HA vs. LA,N/A,Cultural,double,single,HA,P,1
18,LI vs. HA,Animate,Cultural,single,single,HA,P,1
17,HA vs. HI,Animate,N/A,single,double,HA,P,1
18,HA vs. HI,Animate,N/A,single,double,HA,P,1
37,HA vs. LA,N/A,Cultural,double,single,HA,P,1
37,HA vs. LA,N/A,Cultural,double,single,HA,P,1
19,LI vs. HA,Animate,Cultural,single,single,HA,P,1
38,HA vs. LA,N/A,Cultural,double,single,HA,P,1
43,HA vs. LA,N/A,Cultural,double,single,HA,P,1
18,HA vs. HI,Animate,N/A,single,double,HA,P,1
19,HA vs. HI,Animate,N/A,single,double,HA,P,1
19,HA vs. HI,Animate,N/A,single,double,HA,P,1
20,HA vs. HI,Animate,N/A,single,double,HA,P,1
44,HA vs. LA,N/A,Cultural,double,single,HA,P,1
45,HA vs. LA,N/A,Cultural,double,single,HA,P,1
45,HA vs. LA,N/A,Cultural,double,single,HA,P,1
47,HA vs. LA,N/A,Cultural,double,single,HA,P,1
48,HA vs. LA,N/A,Cultural,double,single,HA,P,1
22,LI vs. HA,Animate,Cultural,single,single,HA,P,1
20,HA vs. HI,Animate,N/A,single,double,HA,P,1
48,HA vs. LA,N/A,Cultural,double,single,HA,P,1
22,HA vs. HI,Animate,N/A,single,double,HA,P,1
50,HA vs. LA,N/A,Cultural,double,single,HA,P,1
25,LI vs. HA,Animate,Cultural,single,single,HA,P,1
50,HA vs. LA,N/A,Cultural,double,single,HA,P,1
26,LI vs. HA,Animate,Cultural,single,single,HA,P,1
22,HA vs. HI,Animate,N/A,single,double,HA,P,1
26,LI vs. HA,Animate,Cultural,single,single,HA,P,1
27,LI vs. HA,Animate,Cultural,single,single,HA,P,1
24,HA vs. HI,Animate,N/A,single,double,HA,P,1
25,HA vs. HI,Animate,N/A,single,double,HA,P,1
27,LI vs. HA,Animate,Cultural,single,single,HA,P,1
28,LI vs. HA,Animate,Cultural,single,single,HA,P,1
25,HA vs. HI,Animate,N/A,single,double,HA,P,1
27,HA vs. HI,Animate,N/A,single,double,HA,P,1
28,LI vs. HA,Animate,Cultural,single,single,HA,P,1
29,LI vs. HA,Animate,Cultural,single,single,HA,P,1
27,HA vs. HI,Animate,N/A,single,double,HA,P,1
28,HA vs. HI,Animate,N/A,single,double,HA,P,1
28,HA vs. HI,Animate,N/A,single,double,HA,P,1
31,LI vs. HA,Animate,Cultural,single,single,HA,P,1
29,HA vs. HI,Animate,N/A,single,double,HA,P,1
29,HA vs. HI,Animate,N/A,single,double,HA,P,1
32,HA vs. HI,Animate,N/A,single,double,HA,P,1
32,HA vs. HI,Animate,N/A,single,double,HA,P,1
32,LI vs. HA,Animate,Cultural,single,single,HA,P,1
33,HA vs. HI,Animate,N/A,single,double,HA,P,1
33,LI vs. HA,Animate,Cultural,single,single,HA,P,1
33,HA vs. HI,Animate,N/A,single,double,HA,P,1
34,HA vs. HI,Animate,N/A,single,double,HA,P,1
34,HA vs. HI,Animate,N/A,single,double,HA,P,1
34,LI vs. HA,Animate,Cultural,single,single,HA,P,1
34,LI vs. HA,Animate,Cultural,single,single,HA,P,1
35,HA vs. HI,Animate,N/A,single,double,HA,P,1
35,HA vs. HI,Animate,N/A,single,double,HA,P,1
36,HA vs. HI,Animate,N/A,single,double,HA,P,1
37,HA vs. HI,Animate,N/A,single,double,HA,P,1
35,LI vs. HA,Animate,Cultural,single,single,HA,P,1
36,LI vs. HA,Animate,Cultural,single,single,HA,P,1
37,HA vs. HI,Animate,N/A,single,double,HA,P,1
38,HA vs. HI,Animate,N/A,single,double,HA,P,1
38,HA vs. HI,Animate,N/A,single,double,HA,P,1
37,LI vs. HA,Animate,Cultural,single,single,HA,P,1
37,LI vs. HA,Animate,Cultural,single,single,HA,P,1
39,HA vs. HI,Animate,N/A,single,double,HA,P,1
41,HA vs. HI,Animate,N/A,single,double,HA,P,1
38,LI vs. HA,Animate,Cultural,single,single,HA,P,1
38,LI vs. HA,Animate,Cultural,single,single,HA,P,1
42,HA vs. HI,Animate,N/A,single,double,HA,P,1
43,HA vs. HI,Animate,N/A,single,double,HA,P,1
43,HA vs. HI,Animate,N/A,single,double,HA,P,1
39,LI vs. HA,Animate,Cultural,single,single,HA,P,1
45,HA vs. HI,Animate,N/A,single,double,HA,P,1
46,HA vs. HI,Animate,N/A,single,double,HA,P,1
43,LI vs. HA,Animate,Cultural,single,single,HA,P,1
46,HA vs. HI,Animate,N/A,single,double,HA,P,1
48,HA vs. HI,Animate,N/A,single,double,HA,P,1
43,LI vs. HA,Animate,Cultural,single,single,HA,P,1
49,HA vs. HI,Animate,N/A,single,double,HA,P,1
45,LI vs. HA,Animate,Cultural,single,single,HA,P,1
45,LI vs. HA,Animate,Cultural,single,single,HA,P,1
50,HA vs. HI,Animate,N/A,single,double,HA,P,1
46,LI vs. HA,Animate,Cultural,single,single,HA,P,1
50,HA vs. HI,Animate,N/A,single,double,HA,P,1
48,LI vs. HA,Animate,Cultural,single,single,HA,P,1
50,LI vs. HA,Animate,Cultural,single,single,HA,P,1
50,LI vs. HA,Animate,Cultural,single,single,HA,P,1
2,HI vs. LI,N/A,Cultural,none,single,HI,C,1
3,HI vs. LI,N/A,Cultural,none,single,HI,C,1
1,HI vs. LA,Animate,Cultural,single,single,HI,C,0
3,HI vs. LA,Animate,Cultural,single,single,HI,C,0
3,HI vs. LI,N/A,Cultural,none,single,HI,C,1
4,HI vs. LI,N/A,Cultural,none,single,HI,C,1
3,HI vs. LA,Animate,Cultural,single,single,HI,C,0
4,HI vs. LA,Animate,Cultural,single,single,HI,C,0
5,HI vs. LI,N/A,Cultural,none,single,HI,C,1
6,HI vs. LI,N/A,Cultural,none,single,HI,C,1
5,HI vs. LA,Animate,Cultural,single,single,HI,C,0
6,HI vs. LA,Animate,Cultural,single,single,HI,C,0
6,HI vs. LI,N/A,Cultural,none,single,HI,C,1
7,HI vs. LI,N/A,Cultural,none,single,HI,C,1
6,HI vs. LA,Animate,Cultural,single,single,HI,C,0
7,HI vs. LA,Animate,Cultural,single,single,HI,C,0
8,HI vs. LA,Animate,Cultural,single,single,HI,C,0
8,HI vs. LA,Animate,Cultural,single,single,HI,C,0
8,HI vs. LI,N/A,Cultural,none,single,HI,C,1
8,HI vs. LI,N/A,Cultural,none,single,HI,C,1
11,HI vs. LA,Animate,Cultural,single,single,HI,C,0
12,HI vs. LA,Animate,Cultural,single,single,HI,C,0
13,HI vs. LA,Animate,Cultural,single,single,HI,C,0
11,HI vs. LI,N/A,Cultural,none,single,HI,C,1
12,HI vs. LI,N/A,Cultural,none,single,HI,C,1
23,HI vs. LA,Animate,Cultural,single,single,HI,C,0
23,HI vs. LA,Animate,Cultural,single,single,HI,C,0
26,HI vs. LA,Animate,Cultural,single,single,HI,C,0
13,HI vs. LI,N/A,Cultural,none,single,HI,C,1
14,HI vs. LI,N/A,Cultural,none,single,HI,C,1
28,HI vs. LA,Animate,Cultural,single,single,HI,C,0
28,HI vs. LA,Animate,Cultural,single,single,HI,C,0
29,HI vs. LA,Animate,Cultural,single,single,HI,C,0
31,HI vs. LA,Animate,Cultural,single,single,HI,C,0
14,HI vs. LI,N/A,Cultural,none,single,HI,C,1
16,HI vs. LI,N/A,Cultural,none,single,HI,C,1
34,HI vs. LA,Animate,Cultural,single,single,HI,C,0
35,HI vs. LA,Animate,Cultural,single,single,HI,C,0
18,HI vs. LI,N/A,Cultural,none,single,HI,C,1
18,HI vs. LI,N/A,Cultural,none,single,HI,C,1
39,HI vs. LA,Animate,Cultural,single,single,HI,C,0
45,HI vs. LA,Animate,Cultural,single,single,HI,C,0
45,HI vs. LA,Animate,Cultural,single,single,HI,C,0
21,HI vs. LI,N/A,Cultural,none,single,HI,C,1
21,HI vs. LI,N/A,Cultural,none,single,HI,C,1
46,HI vs. LA,Animate,Cultural,single,single,HI,C,0
47,HI vs. LA,Animate,Cultural,single,single,HI,C,0
47,HI vs. LA,Animate,Cultural,single,single,HI,C,0
22,HI vs. LI,N/A,Cultural,none,single,HI,C,1
22,HI vs. LI,N/A,Cultural,none,single,HI,C,1
48,HI vs. LA,Animate,Cultural,single,single,HI,C,0
49,HI vs. LA,Animate,Cultural,single,single,HI,C,0
49,HI vs. LA,Animate,Cultural,single,single,HI,C,0
23,HI vs. LI,N/A,Cultural,none,single,HI,C,1
23,HI vs. LI,N/A,Cultural,none,single,HI,C,1
36,HI vs. LA,Animate,Cultural,single,single,HI,P,0
24,HI vs. LI,N/A,Cultural,none,single,HI,C,1
40,HI vs. LA,Animate,Cultural,single,single,HI,P,0
24,HI vs. LI,N/A,Cultural,none,single,HI,C,1
26,HI vs. LI,N/A,Cultural,none,single,HI,C,1
27,HI vs. LI,N/A,Cultural,none,single,HI,C,1
42,HI vs. LA,Animate,Cultural,single,single,HI,P,0
28,HI vs. LI,N/A,Cultural,none,single,HI,C,1
28,HI vs. LI,N/A,Cultural,none,single,HI,C,1
29,HI vs. LI,N/A,Cultural,none,single,HI,C,1
29,HI vs. LI,N/A,Cultural,none,single,HI,C,1
30,HI vs. LI,N/A,Cultural,none,single,HI,C,1
31,HI vs. LI,N/A,Cultural,none,single,HI,C,1
31,HI vs. LI,N/A,Cultural,none,single,HI,C,1
32,HI vs. LI,N/A,Cultural,none,single,HI,C,1
34,HI vs. LI,N/A,Cultural,none,single,HI,C,1
34,HI vs. LI,N/A,Cultural,none,single,HI,C,1
37,HI vs. LI,N/A,Cultural,none,single,HI,C,1
39,HI vs. LI,N/A,Cultural,none,single,HI,C,1
40,HI vs. LI,N/A,Cultural,none,single,HI,C,1
42,HI vs. LI,N/A,Cultural,none,single,HI,C,1
43,HI vs. LI,N/A,Cultural,none,single,HI,C,1
43,HI vs. LI,N/A,Cultural,none,single,HI,C,1
45,HI vs. LI,N/A,Cultural,none,single,HI,C,1
46,HI vs. LI,N/A,Cultural,none,single,HI,C,1
46,HI vs. LI,N/A,Cultural,none,single,HI,C,1
47,HI vs. LI,N/A,Cultural,none,single,HI,C,1
48,HI vs. LI,N/A,Cultural,none,single,HI,C,1
49,HI vs. LI,N/A,Cultural,none,single,HI,C,1
2,HA vs. HI,Animate,N/A,single,double,HI,C,0
2,HA vs. HI,Animate,N/A,single,double,HI,C,0
5,HA vs. HI,Animate,N/A,single,double,HI,C,0
7,HA vs. HI,Animate,N/A,single,double,HI,C,0
8,HA vs. HI,Animate,N/A,single,double,HI,C,0
12,HA vs. HI,Animate,N/A,single,double,HI,C,0
13,HA vs. HI,Animate,N/A,single,double,HI,C,0
23,HA vs. HI,Animate,N/A,single,double,HI,C,0
23,HA vs. HI,Animate,N/A,single,double,HI,C,0
26,HA vs. HI,Animate,N/A,single,double,HI,C,0
26,HA vs. HI,Animate,N/A,single,double,HI,C,0
1,HA vs. HI,Animate,N/A,single,double,HI,C,0
30,HA vs. HI,Animate,N/A,single,double,HI,C,0
30,HA vs. HI,Animate,N/A,single,double,HI,C,0
45,HA vs. HI,Animate,N/A,single,double,HI,C,0
47,HA vs. HI,Animate,N/A,single,double,HI,C,0
47,HA vs. HI,Animate,N/A,single,double,HI,C,0
49,HA vs. HI,Animate,N/A,single,double,HI,C,0
30,HI vs. LI,N/A,Cultural,none,single,HI,P,1
36,HI vs. LI,N/A,Cultural,none,single,HI,P,1
40,HI vs. LI,N/A,Cultural,none,single,HI,P,1
42,HI vs. LI,N/A,Cultural,none,single,HI,P,1
47,HI vs. LI,N/A,Cultural,none,single,HI,P,1
36,HA vs. HI,Animate,N/A,single,double,HI,P,0
44,HA vs. HI,Animate,N/A,single,double,HI,P,0
48,HA vs. HI,Animate,N/A,single,double,HI,P,0
6,LA vs. LI,Animate,N/A,single,none,LA,C,1
10,LA vs. LI,Animate,N/A,single,none,LA,C,1
10,LA vs. LI,Animate,N/A,single,none,LA,C,1
21,LA vs. LI,Animate,N/A,single,none,LA,C,1
21,LA vs. LI,Animate,N/A,single,none,LA,C,1
24,LA vs. LI,Animate,N/A,single,none,LA,C,1
31,LA vs. LI,Animate,N/A,single,none,LA,C,1
33,LA vs. LI,Animate,N/A,single,none,LA,C,1
35,LA vs. LI,Animate,N/A,single,none,LA,C,1
35,LA vs. LI,Animate,N/A,single,none,LA,C,1
41,LA vs. LI,Animate,N/A,single,none,LA,C,1
41,LA vs. LI,Animate,N/A,single,none,LA,C,1
42,LA vs. LI,Animate,N/A,single,none,LA,C,1
1,HI vs. LA,Animate,Cultural,single,single,LA,C,1
44,LA vs. LI,Animate,N/A,single,none,LA,C,1
5,HI vs. LA,Animate,Cultural,single,single,LA,C,1
10,HI vs. LA,Animate,Cultural,single,single,LA,C,1
11,HI vs. LA,Animate,Cultural,single,single,LA,C,1
12,HI vs. LA,Animate,Cultural,single,single,LA,C,1
13,HI vs. LA,Animate,Cultural,single,single,LA,C,1
19,HI vs. LA,Animate,Cultural,single,single,LA,C,1
21,HI vs. LA,Animate,Cultural,single,single,LA,C,1
21,HI vs. LA,Animate,Cultural,single,single,LA,C,1
22,HI vs. LA,Animate,Cultural,single,single,LA,C,1
24,HI vs. LA,Animate,Cultural,single,single,LA,C,1
27,HI vs. LA,Animate,Cultural,single,single,LA,C,1
30,HI vs. LA,Animate,Cultural,single,single,LA,C,1
33,HI vs. LA,Animate,Cultural,single,single,LA,C,1
35,HI vs. LA,Animate,Cultural,single,single,LA,C,1
2,HA vs. LA,N/A,Cultural,double,single,LA,C,0
3,HA vs. LA,N/A,Cultural,double,single,LA,C,0
3,LA vs. LI,Animate,N/A,single,none,LA,P,1
6,HA vs. LA,N/A,Cultural,double,single,LA,C,0
4,LA vs. LI,Animate,N/A,single,none,LA,P,1
5,LA vs. LI,Animate,N/A,single,none,LA,P,1
6,LA vs. LI,Animate,N/A,single,none,LA,P,1
7,LA vs. LI,Animate,N/A,single,none,LA,P,1
8,HA vs. LA,N/A,Cultural,double,single,LA,C,0
10,HA vs. LA,N/A,Cultural,double,single,LA,C,0
7,LA vs. LI,Animate,N/A,single,none,LA,P,1
12,LA vs. LI,Animate,N/A,single,none,LA,P,1
13,LA vs. LI,Animate,N/A,single,none,LA,P,1
13,LA vs. LI,Animate,N/A,single,none,LA,P,1
10,HA vs. LA,N/A,Cultural,double,single,LA,C,0
14,HA vs. LA,N/A,Cultural,double,single,LA,C,0
14,LA vs. LI,Animate,N/A,single,none,LA,P,1
14,LA vs. LI,Animate,N/A,single,none,LA,P,1
15,LA vs. LI,Animate,N/A,single,none,LA,P,1
15,LA vs. LI,Animate,N/A,single,none,LA,P,1
17,HA vs. LA,N/A,Cultural,double,single,LA,C,0
21,HA vs. LA,N/A,Cultural,double,single,LA,C,0
16,LA vs. LI,Animate,N/A,single,none,LA,P,1
16,LA vs. LI,Animate,N/A,single,none,LA,P,1
17,LA vs. LI,Animate,N/A,single,none,LA,P,1
18,LA vs. LI,Animate,N/A,single,none,LA,P,1
24,HA vs. LA,N/A,Cultural,double,single,LA,C,0
31,HA vs. LA,N/A,Cultural,double,single,LA,C,0
18,LA vs. LI,Animate,N/A,single,none,LA,P,1
19,LA vs. LI,Animate,N/A,single,none,LA,P,1
20,LA vs. LI,Animate,N/A,single,none,LA,P,1
22,LA vs. LI,Animate,N/A,single,none,LA,P,1
39,HA vs. LA,N/A,Cultural,double,single,LA,C,0
41,HA vs. LA,N/A,Cultural,double,single,LA,C,0
22,LA vs. LI,Animate,N/A,single,none,LA,P,1
26,LA vs. LI,Animate,N/A,single,none,LA,P,1
26,LA vs. LI,Animate,N/A,single,none,LA,P,1
27,LA vs. LI,Animate,N/A,single,none,LA,P,1
41,HA vs. LA,N/A,Cultural,double,single,LA,C,0
46,HA vs. LA,N/A,Cultural,double,single,LA,C,0
27,LA vs. LI,Animate,N/A,single,none,LA,P,1
28,LA vs. LI,Animate,N/A,single,none,LA,P,1
29,LA vs. LI,Animate,N/A,single,none,LA,P,1
41,HI vs. LA,Animate,Cultural,single,single,LA,C,1
47,HA vs. LA,N/A,Cultural,double,single,LA,C,0
29,LA vs. LI,Animate,N/A,single,none,LA,P,1
31,LA vs. LI,Animate,N/A,single,none,LA,P,1
41,HI vs. LA,Animate,Cultural,single,single,LA,C,1
32,LA vs. LI,Animate,N/A,single,none,LA,P,1
42,HI vs. LA,Animate,Cultural,single,single,LA,C,1
49,HA vs. LA,N/A,Cultural,double,single,LA,C,0
33,LA vs. LI,Animate,N/A,single,none,LA,P,1
34,LA vs. LI,Animate,N/A,single,none,LA,P,1
34,LA vs. LI,Animate,N/A,single,none,LA,P,1
2,HI vs. LA,Animate,Cultural,single,single,LA,P,1
7,HI vs. LA,Animate,Cultural,single,single,LA,P,1
9,HI vs. LA,Animate,Cultural,single,single,LA,P,1
36,LA vs. LI,Animate,N/A,single,none,LA,P,1
36,LA vs. LI,Animate,N/A,single,none,LA,P,1
14,HI vs. LA,Animate,Cultural,single,single,LA,P,1
14,HI vs. LA,Animate,Cultural,single,single,LA,P,1
37,LA vs. LI,Animate,N/A,single,none,LA,P,1
37,LA vs. LI,Animate,N/A,single,none,LA,P,1
15,HI vs. LA,Animate,Cultural,single,single,LA,P,1
15,HI vs. LA,Animate,Cultural,single,single,LA,P,1
38,LA vs. LI,Animate,N/A,single,none,LA,P,1
38,LA vs. LI,Animate,N/A,single,none,LA,P,1
16,HI vs. LA,Animate,Cultural,single,single,LA,P,1
39,LA vs. LI,Animate,N/A,single,none,LA,P,1
16,HI vs. LA,Animate,Cultural,single,single,LA,P,1
43,LA vs. LI,Animate,N/A,single,none,LA,P,1
43,LA vs. LI,Animate,N/A,single,none,LA,P,1
18,HI vs. LA,Animate,Cultural,single,single,LA,P,1
45,LA vs. LI,Animate,N/A,single,none,LA,P,1
3,HA vs. LA,N/A,Cultural,double,single,LA,P,0
18,HI vs. LA,Animate,Cultural,single,single,LA,P,1
20,HI vs. LA,Animate,Cultural,single,single,LA,P,1
48,LA vs. LI,Animate,N/A,single,none,LA,P,1
48,LA vs. LI,Animate,N/A,single,none,LA,P,1
7,HA vs. LA,N/A,Cultural,double,single,LA,P,0
22,HI vs. LA,Animate,Cultural,single,single,LA,P,1
24,HI vs. LA,Animate,Cultural,single,single,LA,P,1
49,LA vs. LI,Animate,N/A,single,none,LA,P,1
50,LA vs. LI,Animate,N/A,single,none,LA,P,1
7,HA vs. LA,N/A,Cultural,double,single,LA,P,0
25,HI vs. LA,Animate,Cultural,single,single,LA,P,1
26,HI vs. LA,Animate,Cultural,single,single,LA,P,1
12,HA vs. LA,N/A,Cultural,double,single,LA,P,0
27,HI vs. LA,Animate,Cultural,single,single,LA,P,1
15,HA vs. LA,N/A,Cultural,double,single,LA,P,0
29,HI vs. LA,Animate,Cultural,single,single,LA,P,1
32,HI vs. LA,Animate,Cultural,single,single,LA,P,1
18,HA vs. LA,N/A,Cultural,double,single,LA,P,0
18,HA vs. LA,N/A,Cultural,double,single,LA,P,0
32,HI vs. LA,Animate,Cultural,single,single,LA,P,1
22,HA vs. LA,N/A,Cultural,double,single,LA,P,0
33,HI vs. LA,Animate,Cultural,single,single,LA,P,1
34,HI vs. LA,Animate,Cultural,single,single,LA,P,1
28,HA vs. LA,N/A,Cultural,double,single,LA,P,0
36,HI vs. LA,Animate,Cultural,single,single,LA,P,1
37,HI vs. LA,Animate,Cultural,single,single,LA,P,1
29,HA vs. LA,N/A,Cultural,double,single,LA,P,0
37,HI vs. LA,Animate,Cultural,single,single,LA,P,1
32,HA vs. LA,N/A,Cultural,double,single,LA,P,0
32,HA vs. LA,N/A,Cultural,double,single,LA,P,0
34,HA vs. LA,N/A,Cultural,double,single,LA,P,0
35,HA vs. LA,N/A,Cultural,double,single,LA,P,0
38,HI vs. LA,Animate,Cultural,single,single,LA,P,1
38,HI vs. LA,Animate,Cultural,single,single,LA,P,1
39,HI vs. LA,Animate,Cultural,single,single,LA,P,1
36,HA vs. LA,N/A,Cultural,double,single,LA,P,0
38,HA vs. LA,N/A,Cultural,double,single,LA,P,0
43,HI vs. LA,Animate,Cultural,single,single,LA,P,1
43,HI vs. LA,Animate,Cultural,single,single,LA,P,1
46,HI vs. LA,Animate,Cultural,single,single,LA,P,1
48,HI vs. LA,Animate,Cultural,single,single,LA,P,1
50,HI vs. LA,Animate,Cultural,single,single,LA,P,1
50,HI vs. LA,Animate,Cultural,single,single,LA,P,1
40,HA vs. LA,N/A,Cultural,double,single,LA,P,0
43,HA vs. LA,N/A,Cultural,double,single,LA,P,0
44,HA vs. LA,N/A,Cultural,double,single,LA,P,0
1,HI vs. LI,N/A,Cultural,none,single,LI,C,0
2,HI vs. LI,N/A,Cultural,none,single,LI,C,0
7,HI vs. LI,N/A,Cultural,none,single,LI,C,0
10,HI vs. LI,N/A,Cultural,none,single,LI,C,0
10,HI vs. LI,N/A,Cultural,none,single,LI,C,0
12,HI vs. LI,N/A,Cultural,none,single,LI,C,0
13,HI vs. LI,N/A,Cultural,none,single,LI,C,0
32,HI vs. LI,N/A,Cultural,none,single,LI,C,0
1,LA vs. LI,Animate,N/A,single,none,LI,C,0
1,LA vs. LI,Animate,N/A,single,none,LI,C,0
38,HI vs. LI,N/A,Cultural,none,single,LI,C,0
2,LA vs. LI,Animate,N/A,single,none,LI,C,0
2,LA vs. LI,Animate,N/A,single,none,LI,C,0
38,HI vs. LI,N/A,Cultural,none,single,LI,C,0
39,HI vs. LI,N/A,Cultural,none,single,LI,C,0
3,LA vs. LI,Animate,N/A,single,none,LI,C,0
5,LA vs. LI,Animate,N/A,single,none,LI,C,0
45,HI vs. LI,N/A,Cultural,none,single,LI,C,0
48,HI vs. LI,N/A,Cultural,none,single,LI,C,0
8,LA vs. LI,Animate,N/A,single,none,LI,C,0
8,LA vs. LI,Animate,N/A,single,none,LI,C,0
1,LI vs. HA,Animate,Cultural,single,single,LI,C,0
49,HI vs. LI,N/A,Cultural,none,single,LI,C,0
11,LA vs. LI,Animate,N/A,single,none,LI,C,0
6,LI vs. HA,Animate,Cultural,single,single,LI,C,0
12,LA vs. LI,Animate,N/A,single,none,LI,C,0
23,LA vs. LI,Animate,N/A,single,none,LI,C,0
11,LI vs. HA,Animate,Cultural,single,single,LI,C,0
12,LI vs. HA,Animate,Cultural,single,single,LI,C,0
23,LA vs. LI,Animate,N/A,single,none,LI,C,0
24,LA vs. LI,Animate,N/A,single,none,LI,C,0
23,LI vs. HA,Animate,Cultural,single,single,LI,C,0
23,LI vs. HA,Animate,Cultural,single,single,LI,C,0
28,LA vs. LI,Animate,N/A,single,none,LI,C,0
30,LA vs. LI,Animate,N/A,single,none,LI,C,0
29,LI vs. HA,Animate,Cultural,single,single,LI,C,0
30,LI vs. HA,Animate,Cultural,single,single,LI,C,0
30,LA vs. LI,Animate,N/A,single,none,LI,C,0
32,LA vs. LI,Animate,N/A,single,none,LI,C,0
35,LI vs. HA,Animate,Cultural,single,single,LI,C,0
42,LI vs. HA,Animate,Cultural,single,single,LI,C,0
42,LA vs. LI,Animate,N/A,single,none,LI,C,0
42,LI vs. HA,Animate,Cultural,single,single,LI,C,0
47,LI vs. HA,Animate,Cultural,single,single,LI,C,0
45,LA vs. LI,Animate,N/A,single,none,LI,C,0
46,LA vs. LI,Animate,N/A,single,none,LI,C,0
47,LI vs. HA,Animate,Cultural,single,single,LI,C,0
48,LI vs. HA,Animate,Cultural,single,single,LI,C,0
47,LA vs. LI,Animate,N/A,single,none,LI,C,0
47,LA vs. LI,Animate,N/A,single,none,LI,C,0
49,LA vs. LI,Animate,N/A,single,none,LI,C,0
11,HI vs. LI,N/A,Cultural,none,single,LI,P,0
36,HI vs. LI,N/A,Cultural,none,single,LI,P,0
11,LA vs. LI,Animate,N/A,single,none,LI,P,0
8,LI vs. HA,Animate,Cultural,single,single,LI,P,0
40,LA vs. LI,Animate,N/A,single,none,LI,P,0
46,LA vs. LI,Animate,N/A,single,none,LI,P,0
49,LI vs. HA,Animate,Cultural,single,single,LI,P,0
49,LI vs. HA,Animate,Cultural,single,single,LI,P,0
50,LA vs. LI,Animate,N/A,single,none,LI,P,0
1,HI vs. LI,N/A,Cultural,none,single,skip,skip,
4,HI vs. LI,N/A,Cultural,none,single,skip,skip,
5,HI vs. LI,N/A,Cultural,none,single,skip,skip,
9,HI vs. LI,N/A,Cultural,none,single,skip,skip,
9,HI vs. LI,N/A,Cultural,none,single,skip,skip,
15,HI vs. LI,N/A,Cultural,none,single,skip,skip,
15,HI vs. LI,N/A,Cultural,none,single,skip,skip,
16,HI vs. LI,N/A,Cultural,none,single,skip,skip,
17,HI vs. LI,N/A,Cultural,none,single,skip,skip,
17,HI vs. LI,N/A,Cultural,none,single,skip,skip,
19,HI vs. LI,N/A,Cultural,none,single,skip,skip,
19,HI vs. LI,N/A,Cultural,none,single,skip,skip,
20,HI vs. LI,N/A,Cultural,none,single,skip,skip,
20,HI vs. LI,N/A,Cultural,none,single,skip,skip,
25,HI vs. LI,N/A,Cultural,none,single,skip,skip,
25,HI vs. LI,N/A,Cultural,none,single,skip,skip,
26,HI vs. LI,N/A,Cultural,none,single,skip,skip,
2,LI vs. HA,Animate,Cultural,single,single,skip,skip,
4,LI vs. HA,Animate,Cultural,single,single,skip,skip,
2,HI vs. LA,Animate,Cultural,single,single,skip,skip,
27,HI vs. LI,N/A,Cultural,none,single,skip,skip,
33,HI vs. LI,N/A,Cultural,none,single,skip,skip,
4,HI vs. LA,Animate,Cultural,single,single,skip,skip,
9,HI vs. LA,Animate,Cultural,single,single,skip,skip,
4,LA vs. LI,Animate,N/A,single,none,skip,skip,
5,LI vs. HA,Animate,Cultural,single,single,skip,skip,
9,LI vs. HA,Animate,Cultural,single,single,skip,skip,
10,HI vs. LA,Animate,Cultural,single,single,skip,skip,
33,HI vs. LI,N/A,Cultural,none,single,skip,skip,
35,HI vs. LI,N/A,Cultural,none,single,skip,skip,
17,HI vs. LA,Animate,Cultural,single,single,skip,skip,
17,HI vs. LA,Animate,Cultural,single,single,skip,skip,
9,LA vs. LI,Animate,N/A,single,none,skip,skip,
9,LA vs. LI,Animate,N/A,single,none,skip,skip,
17,LI vs. HA,Animate,Cultural,single,single,skip,skip,
20,LI vs. HA,Animate,Cultural,single,single,skip,skip,
4,HA vs. LA,N/A,Cultural,double,single,skip,skip,
35,HI vs. LI,N/A,Cultural,none,single,skip,skip,
37,HI vs. LI,N/A,Cultural,none,single,skip,skip,
19,HI vs. LA,Animate,Cultural,single,single,skip,skip,
20,HI vs. LA,Animate,Cultural,single,single,skip,skip,
17,LA vs. LI,Animate,N/A,single,none,skip,skip,
19,LA vs. LI,Animate,N/A,single,none,skip,skip,
20,LI vs. HA,Animate,Cultural,single,single,skip,skip,
25,LI vs. HA,Animate,Cultural,single,single,skip,skip,
17,HA vs. LA,N/A,Cultural,double,single,skip,skip,
20,HA vs. LA,N/A,Cultural,double,single,skip,skip,
41,HI vs. LI,N/A,Cultural,none,single,skip,skip,
41,HI vs. LI,N/A,Cultural,none,single,skip,skip,
25,HI vs. LA,Animate,Cultural,single,single,skip,skip,
30,HI vs. LA,Animate,Cultural,single,single,skip,skip,
20,LA vs. LI,Animate,N/A,single,none,skip,skip,
25,LA vs. LI,Animate,N/A,single,none,skip,skip,
30,LI vs. HA,Animate,Cultural,single,single,skip,skip,
36,LI vs. HA,Animate,Cultural,single,single,skip,skip,
39,HA vs. HI,Animate,N/A,single,double,skip,skip,
40,HA vs. HI,Animate,N/A,single,double,skip,skip,
25,HA vs. LA,N/A,Cultural,double,single,skip,skip,
30,HA vs. LA,N/A,Cultural,double,single,skip,skip,
44,HI vs. LI,N/A,Cultural,none,single,skip,skip,
44,HI vs. LI,N/A,Cultural,none,single,skip,skip,
31,HI vs. LA,Animate,Cultural,single,single,skip,skip,
40,HI vs. LA,Animate,Cultural,single,single,skip,skip,
25,LA vs. LI,Animate,N/A,single,none,skip,skip,
39,LA vs. LI,Animate,N/A,single,none,skip,skip,
39,LI vs. HA,Animate,Cultural,single,single,skip,skip,
40,LI vs. HA,Animate,Cultural,single,single,skip,skip,
40,HA vs. HI,Animate,N/A,single,double,skip,skip,
44,HA vs. HI,Animate,N/A,single,double,skip,skip,
39,HA vs. LA,N/A,Cultural,double,single,skip,skip,
40,HA vs. LA,N/A,Cultural,double,single,skip,skip,
50,HI vs. LI,N/A,Cultural,none,single,skip,skip,
50,HI vs. LI,N/A,Cultural,none,single,skip,skip,
44,HI vs. LA,Animate,Cultural,single,single,skip,skip,
44,HI vs. LA,Animate,Cultural,single,single,skip,skip,
40,LA vs. LI,Animate,N/A,single,none,skip,skip,
44,LA vs. LI,Animate,N/A,single,none,skip,skip,
40,LI vs. HA,Animate,Cultural,single,single,skip,skip,
44,LI vs. HA,Animate,Cultural,single,single,skip,skip,
